year,state,county,county_code,state_code,AQI,pollutant,arithmetic_mean
1971,Arizona,Cochise,003,04,33,SO2,23.268075
1971,Arizona,Coconino,005,04,2,SO2,0.733333
1971,Arizona,Gila,007,04,115,SO2,48.12325533333333
1971,Arizona,Greenlee,011,04,107,SO2,88.596
1971,Arizona,Maricopa,013,04,247,CO,3.478998
1971,Arizona,Maricopa,013,04,247,SO2,150.679024
1971,Arizona,Pima,019,04,29,SO2,11.1650795
1971,Arizona,Pinal,021,04,72,SO2,52.455274
1972,Arizona,Cochise,003,04,63,SO2,34.843128
1972,Arizona,Coconino,005,04,3,SO2,1.115
1972,Arizona,Gila,007,04,113,SO2,68.053668
1972,Arizona,Greenlee,011,04,48,SO2,33.288024
1972,Arizona,Maricopa,013,04,122,CO,5.1133093333333335
1972,Arizona,Maricopa,013,04,122,NO2,38.97680225
1972,Arizona,Maricopa,013,04,122,SO2,4.5971503333333334
1972,Arizona,Mohave,015,04,0,SO2,0.210526
1972,Arizona,Pima,019,04,28,Ozone,0.026765
1972,Arizona,Pima,019,04,28,SO2,10.65
1972,Arizona,Pinal,021,04,28,SO2,18.591892
1973,Arizona,Cochise,003,04,88,SO2,37.839218571428574
1973,Arizona,Coconino,005,04,5,SO2,1.680517
1973,Arizona,Gila,007,04,178,SO2,107.89892853846153
1973,Arizona,Greenlee,011,04,152,SO2,71.62126585714286
1973,Arizona,Maricopa,013,04,73,CO,3.5261810000000002
1973,Arizona,Maricopa,013,04,73,NO2,55.669721499999994
1973,Arizona,Maricopa,013,04,73,Ozone,0.052418
1973,Arizona,Maricopa,013,04,73,SO2,4.0450420000000005
1973,Arizona,Mohave,015,04,2,SO2,0.556897
1973,Arizona,Pima,019,04,86,CO,1.5879525
1973,Arizona,Pima,019,04,86,NO2,86.315789
1973,Arizona,Pima,019,04,86,Ozone,0.044505
1973,Arizona,Pima,019,04,86,SO2,14.542663333333333
1973,Arizona,Pinal,021,04,75,SO2,34.45574775
1974,Arizona,Cochise,003,04,64,NO2,59.227322
1974,Arizona,Cochise,003,04,64,SO2,28.437032428571428
1974,Arizona,Coconino,005,04,9,SO2,3.5752836666666665
1974,Arizona,Gila,007,04,112,SO2,43.630154153846156
1974,Arizona,Greenlee,011,04,105,SO2,31.975439625
1974,Arizona,Maricopa,013,04,72,CO,2.3718372
1974,Arizona,Maricopa,013,04,72,NO2,39.91188575
1974,Arizona,Maricopa,013,04,72,Ozone,0.03781575
1974,Arizona,Maricopa,013,04,72,SO2,4.5512745
1974,Arizona,Mohave,015,04,6,SO2,3.505455
1974,Arizona,Pima,019,04,64,CO,1.2827405
1974,Arizona,Pima,019,04,64,NO2,65.531915
1974,Arizona,Pima,019,04,64,Ozone,0.039444
1974,Arizona,Pima,019,04,64,SO2,13.9966929
1974,Arizona,Pinal,021,04,74,SO2,22.7697675
1974,Arizona,Yuma,027,04,0,Ozone,0.049511
1975,Arizona,Cochise,003,04,49,SO2,33.9109975
1975,Arizona,Coconino,005,04,21,CO,1.761589
1975,Arizona,Coconino,005,04,21,SO2,1.6186719999999999
1975,Arizona,Gila,007,04,69,SO2,26.65404125
1975,Arizona,Greenlee,011,04,90,SO2,62.731509
1975,Arizona,Maricopa,013,04,81,CO,1.8081517
1975,Arizona,Maricopa,013,04,81,NO2,59.5462636
1975,Arizona,Maricopa,013,04,81,Ozone,0.03866714285714286
1975,Arizona,Maricopa,013,04,81,SO2,7.2275964
1975,Arizona,Mohave,015,04,6,SO2,3.8621635000000003
1975,Arizona,Pima,019,04,64,CO,2.2391959999999997
1975,Arizona,Pima,019,04,64,NO2,63.089271
1975,Arizona,Pima,019,04,64,Ozone,0.044419
1975,Arizona,Pima,019,04,64,SO2,4.696947714285714
1975,Arizona,Pinal,021,04,53,SO2,20.309363666666666
1975,Arizona,Yuma,027,04,4,CO,0.312748
1975,Arizona,Yuma,027,04,4,Ozone,0.041658
1976,Arizona,Apache,001,04,3,SO2,1.706667
1976,Arizona,Cochise,003,04,23,SO2,15.5008385
1976,Arizona,Coconino,005,04,15,CO,1.283097
1976,Arizona,Coconino,005,04,15,SO2,1.5415856666666667
1976,Arizona,Gila,007,04,68,SO2,30.17555725
1976,Arizona,Greenlee,011,04,63,SO2,42.257495
1976,Arizona,Maricopa,013,04,89,CO,1.999590875
1976,Arizona,Maricopa,013,04,89,NO2,69.499522
1976,Arizona,Maricopa,013,04,89,Ozone,0.03337416666666667
1976,Arizona,Maricopa,013,04,89,SO2,2.7729014285714286
1976,Arizona,Mohave,015,04,3,SO2,2.405882
1976,Arizona,Pima,019,04,57,CO,2.299777
1976,Arizona,Pima,019,04,57,NO2,55.9618225
1976,Arizona,Pima,019,04,57,Ozone,0.048827499999999996
1976,Arizona,Pima,019,04,57,SO2,3.57941525
1976,Arizona,Pinal,021,04,25,SO2,11.3169215
1976,Arizona,Yuma,027,04,8,CO,0.729234
1976,Arizona,Yuma,027,04,8,Ozone,0.039975
1977,Arizona,Apache,001,04,6,SO2,3.541667
1977,Arizona,Cochise,003,04,23,CO,1.161338
1977,Arizona,Cochise,003,04,23,SO2,12.974929999999999
1977,Arizona,Coconino,005,04,18,CO,1.497125
1977,Arizona,Coconino,005,04,18,Ozone,0.05
1977,Arizona,Coconino,005,04,18,SO2,2.1964284999999997
1977,Arizona,Gila,007,04,98,SO2,30.001277166666668
1977,Arizona,Greenlee,011,04,50,SO2,33.8169125
1977,Arizona,Maricopa,013,04,81,CO,1.5725201
1977,Arizona,Maricopa,013,04,81,NO2,67.296738
1977,Arizona,Maricopa,013,04,81,Ozone,0.04290066666666667
1977,Arizona,Maricopa,013,04,81,SO2,5.1455552
1977,Arizona,Mohave,015,04,5,SO2,2.683333
1977,Arizona,Pima,019,04,59,CO,2.3270353333333333
1977,Arizona,Pima,019,04,59,NO2,58.4177495
1977,Arizona,Pima,019,04,59,Ozone,0.0462915
1977,Arizona,Pima,019,04,59,SO2,2.278424285714286
1977,Arizona,Pinal,021,04,29,SO2,13.6726225
1977,Arizona,Yuma,027,04,12,CO,1.030275
1977,Arizona,Yuma,027,04,12,Ozone,0.02343
1978,Arizona,Cochise,003,04,18,CO,1.453973
1978,Arizona,Cochise,003,04,18,Ozone,0.038222
1978,Arizona,Cochise,003,04,18,SO2,10.242600666666666
1978,Arizona,Coconino,005,04,27,CO,2.345105
1978,Arizona,Coconino,005,04,27,Ozone,0.042388
1978,Arizona,Coconino,005,04,27,SO2,11.207692
1978,Arizona,Gila,007,04,45,SO2,18.6103076
1978,Arizona,Greenlee,011,04,67,SO2,33.03928975
1978,Arizona,Maricopa,013,04,106,CO,1.7360712222222223
1978,Arizona,Maricopa,013,04,106,NO2,70.72596833333333
1978,Arizona,Maricopa,013,04,106,Ozone,0.04537633333333334
1978,Arizona,Maricopa,013,04,106,SO2,1.147059
1978,Arizona,Pima,019,04,57,CO,2.372986
1978,Arizona,Pima,019,04,57,NO2,54.0829275
1978,Arizona,Pima,019,04,57,Ozone,0.047204499999999996
1978,Arizona,Pima,019,04,57,SO2,4.2768926
1978,Arizona,Pinal,021,04,42,SO2,25.0770275
1978,Arizona,Yuma,027,04,10,CO,0.844191
1978,Arizona,Yuma,027,04,10,Ozone,0.034753
1979,Arizona,Apache,001,04,3,SO2,2.1625
1979,Arizona,Cochise,003,04,29,CO,1.05237
1979,Arizona,Cochise,003,04,29,Ozone,0.06
1979,Arizona,Cochise,003,04,29,SO2,15.856022750000001
1979,Arizona,Coconino,005,04,20,CO,1.687882
1979,Arizona,Coconino,005,04,20,Ozone,0.034468
1979,Arizona,Coconino,005,04,20,SO2,1.7405555000000001
1979,Arizona,Gila,007,04,79,SO2,26.27491711111111
1979,Arizona,Greenlee,011,04,58,Ozone,0.056094
1979,Arizona,Greenlee,011,04,58,SO2,30.820747
1979,Arizona,Maricopa,013,04,92,CO,2.146581125
1979,Arizona,Maricopa,013,04,92,NO2,81.865178
1979,Arizona,Maricopa,013,04,92,Ozone,0.0278966
1979,Arizona,Pima,019,04,51,CO,2.3835023333333334
1979,Arizona,Pima,019,04,51,NO2,43.8604055
1979,Arizona,Pima,019,04,51,Ozone,0.051337
1979,Arizona,Pima,019,04,51,SO2,3.076504
1979,Arizona,Pinal,021,04,32,SO2,22.326645
1979,Arizona,Yuma,027,04,11,CO,0.5617759999999999
1979,Arizona,Yuma,027,04,11,Ozone,0.0454895
1980,Arizona,Apache,001,04,3,SO2,2.489655
1980,Arizona,Cochise,003,04,22,CO,1.060363
1980,Arizona,Cochise,003,04,22,Ozone,0.055875
1980,Arizona,Cochise,003,04,22,SO2,13.744374
1980,Arizona,Coconino,005,04,16,CO,1.428052
1980,Arizona,Coconino,005,04,16,Ozone,0.055313
1980,Arizona,Coconino,005,04,16,SO2,2.708571
1980,Arizona,Gila,007,04,48,SO2,12.816025999999999
1980,Arizona,Greenlee,011,04,54,Ozone,0.054123
1980,Arizona,Greenlee,011,04,54,SO2,33.100758
1980,Arizona,Maricopa,013,04,84,CO,2.51297325
1980,Arizona,Maricopa,013,04,84,NO2,18.557692
1980,Arizona,Maricopa,013,04,84,Ozone,0.057031
1980,Arizona,Maricopa,013,04,84,SO2,5.543889
1980,Arizona,Pima,019,04,78,CO,2.240461
1980,Arizona,Pima,019,04,78,NO2,62.228715
1980,Arizona,Pima,019,04,78,Ozone,0.0525735
1980,Arizona,Pima,019,04,78,SO2,2.77603275
1980,Arizona,Pinal,021,04,18,SO2,12.187719
1980,Arizona,Yavapai,025,04,27,CO,2.333333
1980,Arizona,Yuma,027,04,7,CO,0.604841
1980,Arizona,Yuma,027,04,7,Ozone,0.067556
1981,Arizona,Apache,001,04,NA,NO2,4.53362
1981,Arizona,Apache,001,04,NA,SO2,0.64912
1981,Arizona,Cochise,003,04,NA,CO,0.6099
1981,Arizona,Cochise,003,04,NA,Ozone,0.03955
1981,Arizona,Cochise,003,04,NA,SO2,18.5923625
1981,Arizona,Coconino,005,04,NA,CO,0.6485
1981,Arizona,Coconino,005,04,NA,Ozone,0.04105
1981,Arizona,Coconino,005,04,NA,SO2,2.56395
1981,Arizona,Gila,007,04,NA,SO2,21.662845833333336
1981,Arizona,Greenlee,011,04,NA,Ozone,0.03545
1981,Arizona,Greenlee,011,04,NA,SO2,49.461325
1981,Arizona,Maricopa,013,04,NA,CO,1.6708088235294118
1981,Arizona,Maricopa,013,04,NA,NO2,16.5105
1981,Arizona,Maricopa,013,04,NA,Ozone,0.021197058823529413
1981,Arizona,Maricopa,013,04,NA,SO2,6.344475
1981,Arizona,Pima,019,04,NA,CO,2.0835416666666666
1981,Arizona,Pima,019,04,NA,NO2,67.84258750000001
1981,Arizona,Pima,019,04,NA,Ozone,0.02824375
1981,Arizona,Pima,019,04,NA,SO2,7.05575
1981,Arizona,Pinal,021,04,NA,SO2,24.776049999999998
1981,Arizona,Yavapai,025,04,NA,CO,0.8574999999999999
1981,Arizona,Yavapai,025,04,NA,Ozone,0.03345
1981,Arizona,Yuma,027,04,NA,CO,0.36765
1981,Arizona,Yuma,027,04,NA,Ozone,0.03475
1982,Arizona,Apache,001,04,NA,NO2,4.3779625
1982,Arizona,Apache,001,04,NA,SO2,1.7283125
1982,Arizona,Cochise,003,04,NA,CO,1.05055
1982,Arizona,Cochise,003,04,NA,Ozone,0.029949999999999997
1982,Arizona,Cochise,003,04,NA,SO2,11.439814285714284
1982,Arizona,Coconino,005,04,NA,CO,1.00655
1982,Arizona,Coconino,005,04,NA,Ozone,0.0513
1982,Arizona,Gila,007,04,NA,SO2,20.7389625
1982,Arizona,Greenlee,011,04,NA,Ozone,0.04145
1982,Arizona,Greenlee,011,04,NA,SO2,14.2054375
1982,Arizona,Maricopa,013,04,NA,CO,1.71621
1982,Arizona,Maricopa,013,04,NA,NO2,59.51015
1982,Arizona,Maricopa,013,04,NA,Ozone,0.018678787878787878
1982,Arizona,Maricopa,013,04,NA,SO2,2.5945666666666667
1982,Arizona,Pima,019,04,NA,CO,2.4073083333333334
1982,Arizona,Pima,019,04,NA,NO2,59.3216875
1982,Arizona,Pima,019,04,NA,Ozone,0.029526315789473685
1982,Arizona,Pima,019,04,NA,SO2,5.385784615384615
1982,Arizona,Pinal,021,04,NA,SO2,16.18125
1982,Arizona,Yavapai,025,04,NA,CO,1.3453
1982,Arizona,Yavapai,025,04,NA,Ozone,0.03445
1982,Arizona,Yuma,027,04,NA,CO,0.82035
1982,Arizona,Yuma,027,04,NA,Ozone,0.0311
1983,Arizona,Apache,001,04,NA,NO2,3.5317714285714286
1983,Arizona,Apache,001,04,NA,SO2,3.2630857142857144
1983,Arizona,Cochise,003,04,NA,CO,0.1224
1983,Arizona,Cochise,003,04,NA,Ozone,0.03755
1983,Arizona,Cochise,003,04,NA,SO2,14.75985
1983,Arizona,Coconino,005,04,NA,CO,0.12285000000000001
1983,Arizona,Coconino,005,04,NA,Ozone,0.044950000000000004
1983,Arizona,Gila,007,04,NA,SO2,11.845505000000001
1983,Arizona,Greenlee,011,04,NA,Ozone,0.03795
1983,Arizona,Greenlee,011,04,NA,SO2,40.3036375
1983,Arizona,Maricopa,013,04,NA,CO,1.9014733333333333
1983,Arizona,Maricopa,013,04,NA,NO2,25.857
1983,Arizona,Maricopa,013,04,NA,Ozone,0.019733333333333332
1983,Arizona,Maricopa,013,04,NA,SO2,3.85115
1983,Arizona,Pima,019,04,NA,CO,2.0291083333333333
1983,Arizona,Pima,019,04,NA,NO2,52.36886666666666
1983,Arizona,Pima,019,04,NA,Ozone,0.02765263157894737
1983,Arizona,Pima,019,04,NA,SO2,1.688275
1983,Arizona,Pinal,021,04,NA,SO2,13.9838
1983,Arizona,Yavapai,025,04,NA,CO,0.1593
1983,Arizona,Yavapai,025,04,NA,Ozone,0.02845
1983,Arizona,Yuma,027,04,NA,CO,0.10450000000000001
1983,Arizona,Yuma,027,04,NA,Ozone,0.03675
1984,Arizona,Apache,001,04,NA,NO2,2.853735714285714
1984,Arizona,Apache,001,04,NA,SO2,1.1338000000000001
1984,Arizona,Cochise,003,04,NA,CO,0.14695
1984,Arizona,Cochise,003,04,NA,Ozone,0.0382
1984,Arizona,Cochise,003,04,NA,SO2,26.0384
1984,Arizona,Coconino,005,04,NA,CO,0.14645
1984,Arizona,Coconino,005,04,NA,Ozone,0.0437
1984,Arizona,Gila,007,04,NA,SO2,12.909117647058824
1984,Arizona,Greenlee,011,04,NA,Ozone,0.0314
1984,Arizona,Greenlee,011,04,NA,SO2,32.493575
1984,Arizona,Maricopa,013,04,NA,CO,1.9289181818181818
1984,Arizona,Maricopa,013,04,NA,NO2,43.183485714285716
1984,Arizona,Maricopa,013,04,NA,Ozone,0.022197142857142856
1984,Arizona,Maricopa,013,04,NA,SO2,4.621033333333334
1984,Arizona,Pima,019,04,NA,CO,1.808575
1984,Arizona,Pima,019,04,NA,NO2,44.4567
1984,Arizona,Pima,019,04,NA,Ozone,0.027605882352941175
1984,Arizona,Pima,019,04,NA,SO2,4.5711545454545455
1984,Arizona,Pinal,021,04,NA,SO2,15.808175
1984,Arizona,Yavapai,025,04,NA,CO,0.1483
1984,Arizona,Yavapai,025,04,NA,Ozone,0.0298
1984,Arizona,Yuma,027,04,NA,CO,0.0594
1984,Arizona,Yuma,027,04,NA,Ozone,0.03435
1985,Arizona,Apache,001,04,NA,NO2,3.861213333333333
1985,Arizona,Apache,001,04,NA,SO2,0.5192066666666667
1985,Arizona,Cochise,003,04,NA,CO,1.3607
1985,Arizona,Cochise,003,04,NA,Ozone,0.03365
1985,Arizona,Cochise,003,04,NA,PM10,49.503975
1985,Arizona,Cochise,003,04,NA,SO2,23.71875
1985,Arizona,Coconino,005,04,NA,CO,0.96105
1985,Arizona,Coconino,005,04,NA,Ozone,0.04105
1985,Arizona,Coconino,005,04,NA,PM10,23.874375
1985,Arizona,Gila,007,04,NA,PM10,39.722145
1985,Arizona,Gila,007,04,NA,SO2,11.31593125
1985,Arizona,Graham,009,04,NA,PM10,28.508339999999997
1985,Arizona,Greenlee,011,04,NA,SO2,1.29855
1985,Arizona,Maricopa,013,04,NA,CO,1.7403885714285714
1985,Arizona,Maricopa,013,04,NA,NO2,32.45845714285714
1985,Arizona,Maricopa,013,04,NA,Ozone,0.02313611111111111
1985,Arizona,Maricopa,013,04,NA,SO2,3.258675
1985,Arizona,Pima,019,04,NA,CO,1.6362083333333333
1985,Arizona,Pima,019,04,NA,NO2,41.36658571428571
1985,Arizona,Pima,019,04,NA,Ozone,0.0277875
1985,Arizona,Pima,019,04,NA,PM10,27.86180142857143
1985,Arizona,Pima,019,04,NA,SO2,6.167533333333333
1985,Arizona,Pinal,021,04,NA,SO2,21.374125
1985,Arizona,Santa Cruz,023,04,NA,PM10,32.05446
1985,Arizona,Yuma,027,04,NA,CO,0.6608
1985,Arizona,Yuma,027,04,NA,Ozone,0.03405
1985,Arizona,Yuma,027,04,NA,PM10,38.48888
1986,Arizona,Apache,001,04,NA,NO2,2.8010800000000002
1986,Arizona,Apache,001,04,NA,SO2,0.27698
1986,Arizona,Cochise,003,04,NA,PM10,47.100804
1986,Arizona,Cochise,003,04,NA,SO2,17.046275
1986,Arizona,Coconino,005,04,NA,CO,1.0880999999999998
1986,Arizona,Coconino,005,04,NA,PM10,25.4131
1986,Arizona,Gila,007,04,NA,PM10,28.264036363636365
1986,Arizona,Gila,007,04,NA,SO2,5.4946375
1986,Arizona,Graham,009,04,NA,PM10,23.473992
1986,Arizona,Maricopa,013,04,NA,CO,1.9190103448275861
1986,Arizona,Maricopa,013,04,NA,NO2,17.9231
1986,Arizona,Maricopa,013,04,NA,Ozone,0.016552173913043478
1986,Arizona,Maricopa,013,04,NA,PM10,39.937938
1986,Arizona,Maricopa,013,04,NA,SO2,0.6542666666666667
1986,Arizona,Navajo,017,04,NA,PM10,20.72
1986,Arizona,Pima,019,04,NA,CO,1.5563666666666667
1986,Arizona,Pima,019,04,NA,NO2,38.2131
1986,Arizona,Pima,019,04,NA,Ozone,0.0264875
1986,Arizona,Pima,019,04,NA,PM10,22.290116842105263
1986,Arizona,Pima,019,04,NA,SO2,3.580375
1986,Arizona,Pinal,021,04,NA,SO2,16.58935
1986,Arizona,Santa Cruz,023,04,NA,PM10,50.5425
1986,Arizona,Yuma,027,04,NA,Ozone,0.0322
1986,Arizona,Yuma,027,04,NA,PM10,30.950231999999996
1987,Arizona,Apache,001,04,NA,Ozone,0.03726666666666667
1987,Arizona,Cochise,003,04,NA,PM10,35.0000475
1987,Arizona,Cochise,003,04,NA,SO2,0.40752499999999997
1987,Arizona,Coconino,005,04,NA,CO,0.947
1987,Arizona,Coconino,005,04,NA,PM10,16.62954
1987,Arizona,Gila,007,04,NA,PM10,19.758225
1987,Arizona,Gila,007,04,NA,SO2,4.930953333333333
1987,Arizona,Graham,009,04,NA,PM10,19.24524
1987,Arizona,Maricopa,013,04,NA,CO,1.6175194444444445
1987,Arizona,Maricopa,013,04,NA,Ozone,0.023222857142857142
1987,Arizona,Maricopa,013,04,NA,SO2,0.8168333333333333
1987,Arizona,Navajo,017,04,NA,PM10,15.928619999999999
1987,Arizona,Pima,019,04,NA,CO,1.4092454545454545
1987,Arizona,Pima,019,04,NA,NO2,41.10682
1987,Arizona,Pima,019,04,NA,Ozone,0.02638125
1987,Arizona,Pima,019,04,NA,PM10,22.88249625
1987,Arizona,Pima,019,04,NA,SO2,2.378416666666667
1987,Arizona,Pinal,021,04,NA,SO2,15.498850000000001
1987,Arizona,Santa Cruz,023,04,NA,PM10,47.824365
1987,Arizona,Yuma,027,04,NA,Ozone,0.0334
1987,Arizona,Yuma,027,04,NA,PM10,34.109835
1988,Arizona,Apache,001,04,NA,NO2,4.01258
1988,Arizona,Apache,001,04,NA,Ozone,0.0342
1988,Arizona,Apache,001,04,NA,SO2,1.29124
1988,Arizona,Cochise,003,04,NA,PM10,40.92615
1988,Arizona,Coconino,005,04,NA,CO,0.622
1988,Arizona,Coconino,005,04,NA,PM10,14.28333
1988,Arizona,Coconino,005,04,NA,SO2,0.1857
1988,Arizona,Gila,007,04,NA,PM10,22.90029
1988,Arizona,Gila,007,04,NA,SO2,5.32026875
1988,Arizona,Graham,009,04,NA,PM10,25.727685
1988,Arizona,Maricopa,013,04,NA,CO,1.4526864864864866
1988,Arizona,Maricopa,013,04,NA,Ozone,0.02517297297297297
1988,Arizona,Maricopa,013,04,NA,PM10,25.61329
1988,Arizona,Maricopa,013,04,NA,SO2,0.295275
1988,Arizona,Navajo,017,04,NA,PM10,14.025959999999998
1988,Arizona,Navajo,017,04,NA,SO2,0.150025
1988,Arizona,Pima,019,04,NA,CO,1.3319375
1988,Arizona,Pima,019,04,NA,NO2,39.144
1988,Arizona,Pima,019,04,NA,Ozone,0.026365
1988,Arizona,Pima,019,04,NA,PM10,22.850113125
1988,Arizona,Pima,019,04,NA,SO2,1.5469142857142857
1988,Arizona,Pinal,021,04,NA,SO2,4.8819
1988,Arizona,Santa Cruz,023,04,NA,PM10,44.518335
1988,Arizona,Yuma,027,04,NA,Ozone,0.03655
1988,Arizona,Yuma,027,04,NA,PM10,22.59999
1989,Arizona,Apache,001,04,NA,NO2,4.49137
1989,Arizona,Apache,001,04,NA,Ozone,0.037625
1989,Arizona,Apache,001,04,NA,SO2,1.5894
1989,Arizona,Cochise,003,04,NA,Ozone,0.0402
1989,Arizona,Cochise,003,04,NA,PM10,53.3289525
1989,Arizona,Coconino,005,04,NA,Ozone,0.043649999999999994
1989,Arizona,Coconino,005,04,NA,PM10,14.365005
1989,Arizona,Coconino,005,04,NA,SO2,0.11406666666666668
1989,Arizona,Gila,007,04,NA,PM10,21.850845
1989,Arizona,Gila,007,04,NA,SO2,5.84129
1989,Arizona,Graham,009,04,NA,PM10,26.34066
1989,Arizona,Maricopa,013,04,NA,CO,1.5511
1989,Arizona,Maricopa,013,04,NA,Ozone,0.024102702702702702
1989,Arizona,Maricopa,013,04,NA,PM10,31.559545263157894
1989,Arizona,Maricopa,013,04,NA,SO2,2.072975
1989,Arizona,Navajo,017,04,NA,PM10,14.23965
1989,Arizona,Navajo,017,04,NA,SO2,0.2992
1989,Arizona,Pima,019,04,NA,CO,1.2716964285714285
1989,Arizona,Pima,019,04,NA,NO2,42.13595
1989,Arizona,Pima,019,04,NA,Ozone,0.027413636363636362
1989,Arizona,Pima,019,04,NA,PM10,23.29227260869565
1989,Arizona,Pima,019,04,NA,SO2,1.7663125
1989,Arizona,Pinal,021,04,NA,SO2,8.07095
1989,Arizona,Santa Cruz,023,04,NA,PM10,39.379979999999996
1989,Arizona,Yuma,027,04,NA,Ozone,0.03265
1989,Arizona,Yuma,027,04,NA,PM10,30.599999999999998
1990,Arizona,Apache,001,04,NA,Ozone,0.0352
1990,Arizona,Cochise,003,04,NA,Ozone,0.041299999999999996
1990,Arizona,Cochise,003,04,NA,PM10,42.6353175
1990,Arizona,Coconino,005,04,NA,Ozone,0.0443
1990,Arizona,Coconino,005,04,NA,PM10,17.164965
1990,Arizona,Gila,007,04,NA,PM10,18.0297825
1990,Arizona,Gila,007,04,NA,SO2,6.44505
1990,Arizona,Graham,009,04,NA,PM10,16.683645
1990,Arizona,Maricopa,013,04,NA,CO,1.3918567567567568
1990,Arizona,Maricopa,013,04,NA,NO2,39.6723
1990,Arizona,Maricopa,013,04,NA,Ozone,0.0244
1990,Arizona,Maricopa,013,04,NA,PM10,24.18696
1990,Arizona,Maricopa,013,04,NA,SO2,3.022925
1990,Arizona,Navajo,017,04,NA,PM10,13.114785
1990,Arizona,Navajo,017,04,NA,SO2,0.17952500000000002
1990,Arizona,Pima,019,04,NA,CO,1.118683870967742
1990,Arizona,Pima,019,04,NA,NO2,42.99124
1990,Arizona,Pima,019,04,NA,Ozone,0.031357142857142854
1990,Arizona,Pima,019,04,NA,PM10,19.241656799999998
1990,Arizona,Pima,019,04,NA,SO2,2.005525
1990,Arizona,Pinal,021,04,NA,SO2,5.042975
1990,Arizona,Santa Cruz,023,04,NA,PM10,31.376355
1990,Arizona,Yavapai,025,04,NA,PM10,14.435244
1990,Arizona,Yuma,027,04,NA,Ozone,0.03515
1991,Arizona,Apache,001,04,71,Ozone,0.048886
1991,Arizona,Cochise,003,04,72,Ozone,0.051497
1991,Arizona,Cochise,003,04,72,PM10,31.1810442
1991,Arizona,Cochise,003,04,72,SO2,0.475
1991,Arizona,Coconino,005,04,72,Ozone,0.0509275
1991,Arizona,Coconino,005,04,72,PM10,13.1755104
1991,Arizona,Coconino,005,04,72,SO2,0.13210966666666665
1991,Arizona,Gila,007,04,51,PM10,13.711291
1991,Arizona,Gila,007,04,51,SO2,3.788373333333333
1991,Arizona,Graham,009,04,51,PM10,14.8173912
1991,Arizona,Maricopa,013,04,80,CO,1.2954332
1991,Arizona,Maricopa,013,04,80,NO2,32.235884999999996
1991,Arizona,Maricopa,013,04,80,Ozone,0.05284233333333333
1991,Arizona,Maricopa,013,04,80,PM10,25.123722266666665
1991,Arizona,Maricopa,013,04,80,SO2,5.0675
1991,Arizona,Mohave,015,04,51,SO2,0.113333
1991,Arizona,Navajo,017,04,51,PM10,9.6171426
1991,Arizona,Navajo,017,04,51,SO2,0.217347
1991,Arizona,Pima,019,04,74,CO,1.1172535555555556
1991,Arizona,Pima,019,04,74,NO2,40.36702033333333
1991,Arizona,Pima,019,04,74,Ozone,0.051602
1991,Arizona,Pima,019,04,74,PM10,15.260119846153845
1991,Arizona,Pima,019,04,74,SO2,1.5075553333333334
1991,Arizona,Pinal,021,04,51,SO2,6.138991
1991,Arizona,Santa Cruz,023,04,51,PM10,30.3413796
1991,Arizona,Yavapai,025,04,51,PM10,9.4301886
1991,Arizona,Yuma,027,04,72,Ozone,0.05277
1991,Arizona,Yuma,027,04,72,PM10,29.307692399999997
1992,Arizona,Apache,001,04,70,Ozone,0.046938
1992,Arizona,Cochise,003,04,71,Ozone,0.049249
1992,Arizona,Cochise,003,04,71,PM10,29.554591799999997
1992,Arizona,Cochise,003,04,71,SO2,0.319355
1992,Arizona,Coconino,005,04,72,Ozone,0.049604999999999996
1992,Arizona,Coconino,005,04,72,PM10,15.299448599999998
1992,Arizona,Coconino,005,04,72,SO2,0.060630666666666666
1992,Arizona,Gila,007,04,51,PM10,14.105182
1992,Arizona,Gila,007,04,51,SO2,0.676937
1992,Arizona,Graham,009,04,51,PM10,19.301695199999997
1992,Arizona,Maricopa,013,04,82,CO,1.5391203
1992,Arizona,Maricopa,013,04,82,NO2,35.64883733333333
1992,Arizona,Maricopa,013,04,82,Ozone,0.057156
1992,Arizona,Maricopa,013,04,82,PM10,22.864375066666668
1992,Arizona,Maricopa,013,04,82,SO2,4.133333
1992,Arizona,Mohave,015,04,51,SO2,0.148485
1992,Arizona,Navajo,017,04,51,PM10,12.505882199999999
1992,Arizona,Navajo,017,04,51,SO2,0.204054
1992,Arizona,Pima,019,04,73,CO,1.080827
1992,Arizona,Pima,019,04,73,NO2,41.33923033333333
1992,Arizona,Pima,019,04,73,Ozone,0.049754571428571426
1992,Arizona,Pima,019,04,73,PM10,14.2042302
1992,Arizona,Pima,019,04,73,SO2,1.2815306666666666
1992,Arizona,Pinal,021,04,51,SO2,3.331296
1992,Arizona,Santa Cruz,023,04,51,PM10,33.328302
1992,Arizona,Yavapai,025,04,51,PM10,10.4747474
1992,Arizona,Yuma,027,04,51,PM10,17.1875181
1993,Arizona,Cochise,003,04,72,Ozone,0.051063
1993,Arizona,Cochise,003,04,72,PM10,20.8271187
1993,Arizona,Cochise,003,04,72,SO2,0.324742
1993,Arizona,Coconino,005,04,72,Ozone,0.049907
1993,Arizona,Coconino,005,04,72,PM10,13.0468086
1993,Arizona,Coconino,005,04,72,SO2,0.1153895
1993,Arizona,Gila,007,04,51,PM10,14.443333399999998
1993,Arizona,Graham,009,04,51,PM10,15.712499999999999
1993,Arizona,Maricopa,013,04,80,CO,1.4270502
1993,Arizona,Maricopa,013,04,80,Ozone,0.05728216666666667
1993,Arizona,Maricopa,013,04,80,PM10,23.647123333333333
1993,Arizona,Navajo,017,04,51,PM10,10.3024392
1993,Arizona,Navajo,017,04,51,SO2,0.143478
1993,Arizona,Pima,019,04,74,CO,0.9522390000000001
1993,Arizona,Pima,019,04,74,NO2,43.09985566666667
1993,Arizona,Pima,019,04,74,Ozone,0.05035771428571428
1993,Arizona,Pima,019,04,74,PM10,13.307743753846154
1993,Arizona,Pima,019,04,74,SO2,1.5763856666666667
1993,Arizona,Pinal,021,04,51,SO2,6.361517
1993,Arizona,Santa Cruz,023,04,51,PM10,25.2533334
1993,Arizona,Yavapai,025,04,51,PM10,9.328168
1993,Arizona,Yuma,027,04,51,PM10,16.977741299999998
1994,Arizona,Cochise,003,04,73,Ozone,0.05384
1994,Arizona,Cochise,003,04,73,PM10,20.255610599999997
1994,Arizona,Cochise,003,04,73,SO2,0.517021
1994,Arizona,Coconino,005,04,73,Ozone,0.052586
1994,Arizona,Coconino,005,04,73,PM10,11.5148934
1994,Arizona,Coconino,005,04,73,SO2,0.11342749999999999
1994,Arizona,Gila,007,04,51,PM10,14.1112238
1994,Arizona,Graham,009,04,51,PM10,15.888888599999998
1994,Arizona,Maricopa,013,04,76,CO,1.3991916666666666
1994,Arizona,Maricopa,013,04,76,NO2,39.490683
1994,Arizona,Maricopa,013,04,76,Ozone,0.05587344444444445
1994,Arizona,Maricopa,013,04,76,PM10,22.768168866666667
1994,Arizona,Maricopa,013,04,76,SO2,1.282967
1994,Arizona,Navajo,017,04,51,PM10,8.6625
1994,Arizona,Pima,019,04,74,CO,0.8541782857142857
1994,Arizona,Pima,019,04,74,NO2,45.853078000000004
1994,Arizona,Pima,019,04,74,Ozone,0.05162428571428571
1994,Arizona,Pima,019,04,74,PM10,13.229942858823529
1994,Arizona,Pima,019,04,74,SO2,1.39359
1994,Arizona,Santa Cruz,023,04,51,PM10,17.0206728
1994,Arizona,Yavapai,025,04,51,PM10,9.312473
1994,Arizona,Yuma,027,04,51,PM10,16.661261399999997
1995,Arizona,Cochise,003,04,72,Ozone,0.052571
1995,Arizona,Cochise,003,04,72,PM10,19.251974099999998
1995,Arizona,Cochise,003,04,72,SO2,0.295745
1995,Arizona,Coconino,005,04,73,Ozone,0.049513
1995,Arizona,Coconino,005,04,73,PM10,12.634615199999999
1995,Arizona,Coconino,005,04,73,SO2,0.090112
1995,Arizona,Gila,007,04,51,PM10,22.250892899999997
1995,Arizona,Graham,009,04,51,PM10,20.04
1995,Arizona,Maricopa,013,04,81,CO,1.6008277777777777
1995,Arizona,Maricopa,013,04,81,NO2,53.122539
1995,Arizona,Maricopa,013,04,81,Ozone,0.0601772
1995,Arizona,Maricopa,013,04,81,PM10,24.5680716
1995,Arizona,Maricopa,013,04,81,SO2,1.751397
1995,Arizona,Navajo,017,04,51,PM10,9.348387
1995,Arizona,Pima,019,04,73,CO,1.0280906
1995,Arizona,Pima,019,04,73,NO2,35.191102666666666
1995,Arizona,Pima,019,04,73,Ozone,0.05043171428571429
1995,Arizona,Pima,019,04,73,PM10,15.424049223529412
1995,Arizona,Pima,019,04,73,SO2,1.391086
1995,Arizona,Pinal,021,04,51,SO2,3.420557
1995,Arizona,Santa Cruz,023,04,51,PM10,16.541572199999997
1995,Arizona,Yavapai,025,04,51,PM10,9.590565999999999
1995,Arizona,Yuma,027,04,68,Ozone,0.041188
1995,Arizona,Yuma,027,04,68,PM10,21.9957444
1996,Arizona,Cochise,003,04,72,Ozone,0.052003
1996,Arizona,Cochise,003,04,72,PM10,20.6902632
1996,Arizona,Coconino,005,04,73,Ozone,0.053519
1996,Arizona,Coconino,005,04,73,PM10,10.95
1996,Arizona,Coconino,005,04,73,SO2,0.102814
1996,Arizona,Gila,007,04,51,PM10,18.7083855
1996,Arizona,Graham,009,04,51,PM10,24.2352942
1996,Arizona,Maricopa,013,04,82,CO,1.5149614444444444
1996,Arizona,Maricopa,013,04,82,NO2,51.209113
1996,Arizona,Maricopa,013,04,82,Ozone,0.05961291666666667
1996,Arizona,Maricopa,013,04,82,PM10,24.27306555
1996,Arizona,Maricopa,013,04,82,SO2,3.247962
1996,Arizona,Mohave,015,04,51,PM10,14.2850787
1996,Arizona,Navajo,017,04,51,PM10,6.9368424
1996,Arizona,Pima,019,04,74,CO,0.9230144
1996,Arizona,Pima,019,04,74,NO2,32.77563033333333
1996,Arizona,Pima,019,04,74,Ozone,0.05104485714285714
1996,Arizona,Pima,019,04,74,PM10,14.241575062499999
1996,Arizona,Pima,019,04,74,SO2,1.192265
1996,Arizona,Pinal,021,04,51,SO2,4.133333
1996,Arizona,Santa Cruz,023,04,51,PM10,24.9571428
1996,Arizona,Yavapai,025,04,78,Ozone,0.066219
1996,Arizona,Yavapai,025,04,78,PM10,8.8589504
1996,Arizona,Yuma,027,04,79,Ozone,0.069705
1996,Arizona,Yuma,027,04,79,PM10,23.061710399999996
1997,Arizona,Cochise,003,04,72,Ozone,0.051221
1997,Arizona,Cochise,003,04,72,PM10,15.6
1997,Arizona,Coconino,005,04,72,Ozone,0.053045
1997,Arizona,Coconino,005,04,72,SO2,0.079614
1997,Arizona,Gila,007,04,73,Ozone,0.053956
1997,Arizona,Gila,007,04,73,PM10,17.8220337
1997,Arizona,Graham,009,04,51,PM10,16.9066668
1997,Arizona,Maricopa,013,04,79,CO,1.2489592307692308
1997,Arizona,Maricopa,013,04,79,NO2,52.9050855
1997,Arizona,Maricopa,013,04,79,Ozone,0.057659136363636364
1997,Arizona,Maricopa,013,04,79,PM10,31.31542174736842
1997,Arizona,Maricopa,013,04,79,SO2,3.681641
1997,Arizona,Mohave,015,04,51,PM10,12.0293292
1997,Arizona,Navajo,017,04,51,PM10,9.9136362
1997,Arizona,Pima,019,04,74,CO,0.923438
1997,Arizona,Pima,019,04,74,NO2,37.876712
1997,Arizona,Pima,019,04,74,Ozone,0.051229666666666666
1997,Arizona,Pima,019,04,74,PM10,14.471049375
1997,Arizona,Pima,019,04,74,SO2,1.535331
1997,Arizona,Pinal,021,04,51,SO2,4.850139
1997,Arizona,Santa Cruz,023,04,51,PM10,23.2235292
1997,Arizona,Yavapai,025,04,76,Ozone,0.062118
1997,Arizona,Yavapai,025,04,76,PM10,8.0360174
1997,Arizona,Yuma,027,04,74,Ozone,0.057143
1997,Arizona,Yuma,027,04,74,PM10,20.857843199999998
1998,Arizona,Cochise,003,04,72,Ozone,0.052817
1998,Arizona,Cochise,003,04,72,PM10,22.4346744
1998,Arizona,Coconino,005,04,73,Ozone,0.05497
1998,Arizona,Coconino,005,04,73,SO2,0.032496333333333335
1998,Arizona,Gila,007,04,76,Ozone,0.061151
1998,Arizona,Gila,007,04,76,PM10,17.3463186
1998,Arizona,Maricopa,013,04,81,CO,1.1173042307692307
1998,Arizona,Maricopa,013,04,81,NO2,51.98952
1998,Arizona,Maricopa,013,04,81,Ozone,0.05891795238095238
1998,Arizona,Maricopa,013,04,81,PM10,25.536336833333333
1998,Arizona,Maricopa,013,04,81,SO2,3.20547625
1998,Arizona,Mohave,015,04,51,PM10,10.9927706
1998,Arizona,Pima,019,04,74,CO,0.751985
1998,Arizona,Pima,019,04,74,NO2,35.289364500000005
1998,Arizona,Pima,019,04,74,Ozone,0.051952333333333336
1998,Arizona,Pima,019,04,74,PM10,14.413584599999998
1998,Arizona,Pima,019,04,74,SO2,1.669146
1998,Arizona,Pinal,021,04,51,SO2,7.942735
1998,Arizona,Santa Cruz,023,04,51,PM10,27.287999999999997
1998,Arizona,Yavapai,025,04,77,Ozone,0.064675
1998,Arizona,Yavapai,025,04,77,PM10,8.4
1998,Arizona,Yuma,027,04,76,Ozone,0.061297
1998,Arizona,Yuma,027,04,76,PM10,24.534301499999998
1999,Arizona,Cochise,003,04,73,Ozone,0.053507
1999,Arizona,Cochise,003,04,73,PM10,21.4417292
1999,Arizona,Cochise,003,04,73,PM2.5,9.251428666666667
1999,Arizona,Coconino,005,04,74,Ozone,0.05597
1999,Arizona,Coconino,005,04,74,PM10,8.8575756
1999,Arizona,Coconino,005,04,74,PM2.5,7.9851849999999995
1999,Arizona,Coconino,005,04,74,SO2,0.029484
1999,Arizona,Gila,007,04,76,Ozone,0.062634
1999,Arizona,Gila,007,04,76,PM10,19.882922
1999,Arizona,Gila,007,04,76,PM2.5,9.776791
1999,Arizona,Gila,007,04,76,SO2,7.0790235
1999,Arizona,Graham,009,04,51,PM10,24.3870966
1999,Arizona,Maricopa,013,04,80,CO,1.3155512666666667
1999,Arizona,Maricopa,013,04,80,NO2,46.7264875
1999,Arizona,Maricopa,013,04,80,Ozone,0.060172
1999,Arizona,Maricopa,013,04,80,PM10,29.0357937
1999,Arizona,Maricopa,013,04,80,PM2.5,11.7951895
1999,Arizona,Maricopa,013,04,80,SO2,4.399046666666667
1999,Arizona,Mohave,015,04,51,PM10,12.5429748
1999,Arizona,Navajo,017,04,51,PM10,10.6595742
1999,Arizona,Pima,019,04,73,CO,0.6685498
1999,Arizona,Pima,019,04,73,NO2,38.5977305
1999,Arizona,Pima,019,04,73,Ozone,0.052726833333333334
1999,Arizona,Pima,019,04,73,PM10,20.71721835
1999,Arizona,Pima,019,04,73,PM2.5,8.911332
1999,Arizona,Pima,019,04,73,SO2,1.803641
1999,Arizona,Pinal,021,04,51,PM2.5,8.460805
1999,Arizona,Pinal,021,04,51,SO2,3.33463
1999,Arizona,Santa Cruz,023,04,55,PM10,35.663999999999994
1999,Arizona,Santa Cruz,023,04,55,PM2.5,13.193887499999999
1999,Arizona,Yavapai,025,04,76,Ozone,0.062045
1999,Arizona,Yavapai,025,04,76,PM10,7.79523135
1999,Arizona,Yuma,027,04,72,Ozone,0.051398
1999,Arizona,Yuma,027,04,72,PM10,21.5945454
2000,Arizona,Cochise,003,04,72,Ozone,0.052419
2000,Arizona,Cochise,003,04,72,PM10,16.5619724
2000,Arizona,Cochise,003,04,72,PM2.5,8.881655
2000,Arizona,Coconino,005,04,72,Ozone,0.053479
2000,Arizona,Coconino,005,04,72,PM10,8.2927418
2000,Arizona,Coconino,005,04,72,PM2.5,6.828571
2000,Arizona,Gila,007,04,51,PM10,18.2427608
2000,Arizona,Gila,007,04,51,PM2.5,10.4573235
2000,Arizona,Gila,007,04,51,SO2,6.3937550000000005
2000,Arizona,Graham,009,04,51,PM10,17.5142856
2000,Arizona,Maricopa,013,04,80,CO,1.0906195625
2000,Arizona,Maricopa,013,04,80,NO2,46.060573875
2000,Arizona,Maricopa,013,04,80,Ozone,0.05945672727272727
2000,Arizona,Maricopa,013,04,80,PM10,29.930587863157893
2000,Arizona,Maricopa,013,04,80,PM2.5,11.9905246
2000,Arizona,Maricopa,013,04,80,SO2,2.04803
2000,Arizona,Mohave,015,04,51,PM10,13.9830379
2000,Arizona,Mohave,015,04,51,PM2.5,4.894118
2000,Arizona,Navajo,017,04,51,PM10,8.8212768
2000,Arizona,Pima,019,04,73,CO,0.6014878
2000,Arizona,Pima,019,04,73,NO2,35.528271000000004
2000,Arizona,Pima,019,04,73,Ozone,0.05062783333333334
2000,Arizona,Pima,019,04,73,PM10,16.436051836363635
2000,Arizona,Pima,019,04,73,PM2.5,7.1487940000000005
2000,Arizona,Pima,019,04,73,SO2,2.29972
2000,Arizona,Pinal,021,04,51,PM2.5,7.8814969999999995
2000,Arizona,Santa Cruz,023,04,54,PM10,28.2310344
2000,Arizona,Santa Cruz,023,04,54,PM2.5,12.873326500000001
2000,Arizona,Yavapai,025,04,74,Ozone,0.057243
2000,Arizona,Yavapai,025,04,74,PM10,7.576954949999999
2000,Arizona,Yuma,027,04,69,Ozone,0.045309
2000,Arizona,Yuma,027,04,69,PM10,24.5590575
2001,Arizona,Cochise,003,04,72,Ozone,0.050739
2001,Arizona,Cochise,003,04,72,PM10,14.188505
2001,Arizona,Cochise,003,04,72,PM2.5,7.185965
2001,Arizona,Coconino,005,04,72,Ozone,0.052695
2001,Arizona,Coconino,005,04,72,PM10,9.0626388
2001,Arizona,Coconino,005,04,72,PM2.5,6.921432
2001,Arizona,Gila,007,04,51,PM10,15.5043878
2001,Arizona,Gila,007,04,51,PM2.5,9.3176985
2001,Arizona,Gila,007,04,51,SO2,8.271889
2001,Arizona,Graham,009,04,51,PM10,13.484745599999998
2001,Arizona,Maricopa,013,04,79,CO,0.9787214000000001
2001,Arizona,Maricopa,013,04,79,NO2,42.718884875
2001,Arizona,Maricopa,013,04,79,Ozone,0.05879360869565217
2001,Arizona,Maricopa,013,04,79,PM10,24.565921105263158
2001,Arizona,Maricopa,013,04,79,PM2.5,9.9417112500000009
2001,Arizona,Maricopa,013,04,79,SO2,2.0189065
2001,Arizona,Mohave,015,04,51,PM10,12.569885039999999
2001,Arizona,Mohave,015,04,51,PM2.5,4.946429
2001,Arizona,Navajo,017,04,51,PM10,8.636842199999998
2001,Arizona,Pima,019,04,72,CO,0.6476166
2001,Arizona,Pima,019,04,72,NO2,34.7843395
2001,Arizona,Pima,019,04,72,Ozone,0.04983983333333333
2001,Arizona,Pima,019,04,72,PM10,13.45509445
2001,Arizona,Pima,019,04,72,PM2.5,7.6343345
2001,Arizona,Pima,019,04,72,SO2,0.815978
2001,Arizona,Pinal,021,04,77,NO2,7.23245
2001,Arizona,Pinal,021,04,77,Ozone,0.065388
2001,Arizona,Pinal,021,04,77,PM2.5,6.9881835
2001,Arizona,Santa Cruz,023,04,51,PM10,28.357894799999997
2001,Arizona,Santa Cruz,023,04,51,PM2.5,10.960392
2001,Arizona,Yavapai,025,04,74,Ozone,0.057709
2001,Arizona,Yavapai,025,04,74,PM10,8.5939059
2001,Arizona,Yuma,027,04,71,Ozone,0.049208
2001,Arizona,Yuma,027,04,71,PM10,26.7058695
2002,Arizona,Cochise,003,04,73,Ozone,0.054154
2002,Arizona,Cochise,003,04,73,PM10,12.5310586
2002,Arizona,Cochise,003,04,73,PM2.5,7.383636
2002,Arizona,Coconino,005,04,74,Ozone,0.056955
2002,Arizona,Coconino,005,04,74,PM10,9.531886799999999
2002,Arizona,Coconino,005,04,74,PM2.5,6.987816666666667
2002,Arizona,Gila,007,04,78,NO2,3.562838
2002,Arizona,Gila,007,04,78,Ozone,0.065927
2002,Arizona,Gila,007,04,78,PM10,18.1041102
2002,Arizona,Gila,007,04,78,PM2.5,11.126965
2002,Arizona,Gila,007,04,78,SO2,7.7142465
2002,Arizona,Graham,009,04,51,PM10,15.403448399999998
2002,Arizona,Maricopa,013,04,80,CO,1.0016651333333333
2002,Arizona,Maricopa,013,04,80,NO2,45.1191535
2002,Arizona,Maricopa,013,04,80,Ozone,0.05915895238095238
2002,Arizona,Maricopa,013,04,80,PM10,28.697581010526314
2002,Arizona,Maricopa,013,04,80,PM2.5,12.3356245
2002,Arizona,Maricopa,013,04,80,SO2,2.19938
2002,Arizona,Mohave,015,04,51,PM10,8.92737105
2002,Arizona,Mohave,015,04,51,PM2.5,4.84375
2002,Arizona,Navajo,017,04,70,Ozone,0.047793
2002,Arizona,Navajo,017,04,70,PM10,9.1166664
2002,Arizona,Pima,019,04,72,CO,0.6003936666666667
2002,Arizona,Pima,019,04,72,NO2,35.9462635
2002,Arizona,Pima,019,04,72,Ozone,0.05039216666666667
2002,Arizona,Pima,019,04,72,PM10,15.156082636363637
2002,Arizona,Pima,019,04,72,PM2.5,6.468173500000001
2002,Arizona,Pima,019,04,72,SO2,1.028809
2002,Arizona,Pinal,021,04,78,NO2,5.334615
2002,Arizona,Pinal,021,04,78,Ozone,0.05545357142857143
2002,Arizona,Pinal,021,04,78,PM10,20.966162133333334
2002,Arizona,Pinal,021,04,78,PM2.5,7.538224333333334
2002,Arizona,Pinal,021,04,78,SO2,1.46993
2002,Arizona,Santa Cruz,023,04,52,PM10,30.473684399999996
2002,Arizona,Santa Cruz,023,04,52,PM2.5,12.26902
2002,Arizona,Yavapai,025,04,76,Ozone,0.061667
2002,Arizona,Yavapai,025,04,76,PM10,7.112307599999999
2002,Arizona,Yuma,027,04,51,PM10,29.829857099999998
2003,Arizona,Apache,001,04,51,PM10,13.134293999999999
2003,Arizona,Cochise,003,04,73,Ozone,0.055226
2003,Arizona,Cochise,003,04,73,PM10,11.921292942857143
2003,Arizona,Cochise,003,04,73,PM2.5,6.546296
2003,Arizona,Coconino,005,04,73,Ozone,0.054808
2003,Arizona,Coconino,005,04,73,PM10,11.3254521
2003,Arizona,Coconino,005,04,73,PM2.5,5.884091
2003,Arizona,Gila,007,04,79,NO2,3.766129
2003,Arizona,Gila,007,04,79,Ozone,0.068602
2003,Arizona,Gila,007,04,79,PM10,15.31469256
2003,Arizona,Gila,007,04,79,PM2.5,9.0570615
2003,Arizona,Gila,007,04,79,SO2,6.32178
2003,Arizona,Graham,009,04,51,PM10,13.789999799999999
2003,Arizona,Maricopa,013,04,79,CO,0.8298824666666667
2003,Arizona,Maricopa,013,04,79,NO2,42.63751925
2003,Arizona,Maricopa,013,04,79,Ozone,0.05910657142857143
2003,Arizona,Maricopa,013,04,79,PM10,25.366078499999997
2003,Arizona,Maricopa,013,04,79,PM2.5,10.491441666666667
2003,Arizona,Maricopa,013,04,79,SO2,1.819791
2003,Arizona,Mohave,015,04,51,PM10,10.725077399999998
2003,Arizona,Mohave,015,04,51,PM2.5,5.502632
2003,Arizona,Navajo,017,04,73,Ozone,0.055402
2003,Arizona,Navajo,017,04,73,PM10,10.644827399999999
2003,Arizona,Pima,019,04,74,CO,0.6249086666666667
2003,Arizona,Pima,019,04,74,NO2,35.74722250000001
2003,Arizona,Pima,019,04,74,Ozone,0.050901444444444444
2003,Arizona,Pima,019,04,74,PM10,15.429046015384614
2003,Arizona,Pima,019,04,74,PM2.5,6.5109805000000005
2003,Arizona,Pima,019,04,74,SO2,1.220822
2003,Arizona,Pinal,021,04,78,NO2,4.934375
2003,Arizona,Pinal,021,04,78,Ozone,0.05936957142857143
2003,Arizona,Pinal,021,04,78,PM10,19.109068254545452
2003,Arizona,Pinal,021,04,78,PM2.5,7.336111000000001
2003,Arizona,Pinal,021,04,78,SO2,1.39589
2003,Arizona,Santa Cruz,023,04,51,PM10,27.7770492
2003,Arizona,Santa Cruz,023,04,51,PM2.5,10.8785995
2003,Arizona,Yavapai,025,04,74,Ozone,0.056873
2003,Arizona,Yavapai,025,04,74,PM10,9.5142858
2003,Arizona,Yuma,027,04,74,Ozone,0.055935
2003,Arizona,Yuma,027,04,74,PM10,22.593103199999998
2004,Arizona,Apache,001,04,51,PM10,14.6781024
2004,Arizona,Cochise,003,04,72,Ozone,0.052644
2004,Arizona,Cochise,003,04,72,PM10,11.390382399999998
2004,Arizona,Cochise,003,04,72,PM2.5,7.155172
2004,Arizona,Coconino,005,04,72,Ozone,0.053278
2004,Arizona,Coconino,005,04,72,PM10,7.960526099999999
2004,Arizona,Coconino,005,04,72,PM2.5,6.816071
2004,Arizona,Gila,007,04,76,NO2,3.099517
2004,Arizona,Gila,007,04,76,Ozone,0.061778
2004,Arizona,Gila,007,04,76,PM10,11.3158883
2004,Arizona,Gila,007,04,76,PM2.5,9.480357
2004,Arizona,Gila,007,04,76,SO2,7.0185355000000005
2004,Arizona,Graham,009,04,51,PM10,9.963934199999999
2004,Arizona,Maricopa,013,04,77,CO,0.6549976666666667
2004,Arizona,Maricopa,013,04,77,NO2,39.04637225
2004,Arizona,Maricopa,013,04,77,Ozone,0.0551716
2004,Arizona,Maricopa,013,04,77,PM10,23.9557742
2004,Arizona,Maricopa,013,04,77,PM2.5,9.926845499999999
2004,Arizona,Maricopa,013,04,77,SO2,1.8411620000000002
2004,Arizona,Mohave,015,04,51,PM10,9.583593599999999
2004,Arizona,Mohave,015,04,51,PM2.5,5.710417
2004,Arizona,Navajo,017,04,72,Ozone,0.052934
2004,Arizona,Navajo,017,04,72,PM10,8.7700002
2004,Arizona,Pima,019,04,73,CO,0.5770885
2004,Arizona,Pima,019,04,73,NO2,33.6297815
2004,Arizona,Pima,019,04,73,Ozone,0.04824066666666667
2004,Arizona,Pima,019,04,73,PM10,12.97648302
2004,Arizona,Pima,019,04,73,PM2.5,5.669198
2004,Arizona,Pima,019,04,73,SO2,1.165574
2004,Arizona,Pinal,021,04,76,NO2,4.672897
2004,Arizona,Pinal,021,04,76,Ozone,0.052548285714285714
2004,Arizona,Pinal,021,04,76,PM10,15.88651944
2004,Arizona,Pinal,021,04,76,PM2.5,6.2902085
2004,Arizona,Pinal,021,04,76,SO2,1.661749
2004,Arizona,Santa Cruz,023,04,51,PM10,25.309999799999996
2004,Arizona,Santa Cruz,023,04,51,PM2.5,10.536543
2004,Arizona,Yavapai,025,04,75,Ozone,0.059181
2004,Arizona,Yavapai,025,04,75,PM10,7.6000002
2004,Arizona,Yuma,027,04,72,Ozone,0.053449
2004,Arizona,Yuma,027,04,72,PM10,22.574192
2005,Arizona,Apache,001,04,51,PM10,15.801869400000001
2005,Arizona,Cochise,003,04,72,Ozone,0.053032
2005,Arizona,Cochise,003,04,72,PM10,18.0976132
2005,Arizona,Cochise,003,04,72,PM2.5,7.381667
2005,Arizona,Coconino,005,04,73,Ozone,0.0541
2005,Arizona,Coconino,005,04,73,PM10,9.1444443
2005,Arizona,Coconino,005,04,73,PM2.5,6.045455
2005,Arizona,Gila,007,04,78,NO2,3.007767
2005,Arizona,Gila,007,04,78,Ozone,0.065793
2005,Arizona,Gila,007,04,78,PM10,15.450683999999999
2005,Arizona,Gila,007,04,78,PM2.5,8.485455
2005,Arizona,Gila,007,04,78,SO2,6.566338
2005,Arizona,Graham,009,04,51,PM10,12.8603772
2005,Arizona,La Paz,012,04,75,NO2,3.40625
2005,Arizona,La Paz,012,04,75,Ozone,0.058592
2005,Arizona,Maricopa,013,04,78,CO,0.6539927857142858
2005,Arizona,Maricopa,013,04,78,NO2,42.175222142857145
2005,Arizona,Maricopa,013,04,78,Ozone,0.05752527272727273
2005,Arizona,Maricopa,013,04,78,PM10,26.428232424999997
2005,Arizona,Maricopa,013,04,78,PM2.5,10.506957
2005,Arizona,Maricopa,013,04,78,SO2,2.0856873333333334
2005,Arizona,Mohave,015,04,51,PM10,14.4785238
2005,Arizona,Mohave,015,04,51,PM2.5,5.531915
2005,Arizona,Navajo,017,04,73,Ozone,0.053809
2005,Arizona,Navajo,017,04,73,PM10,8.0444442
2005,Arizona,Pima,019,04,73,CO,0.5441371666666667
2005,Arizona,Pima,019,04,73,NO2,31.279452
2005,Arizona,Pima,019,04,73,Ozone,0.04971188888888889
2005,Arizona,Pima,019,04,73,PM10,15.69964182
2005,Arizona,Pima,019,04,73,PM2.5,6.1207615
2005,Arizona,Pima,019,04,73,SO2,0.717808
2005,Arizona,Pinal,021,04,77,NO2,4.596226
2005,Arizona,Pinal,021,04,77,Ozone,0.054724714285714286
2005,Arizona,Pinal,021,04,77,PM10,21.7553786
2005,Arizona,Pinal,021,04,77,PM2.5,6.4334185
2005,Arizona,Pinal,021,04,77,SO2,1.975068
2005,Arizona,Santa Cruz,023,04,54,PM10,38.9050731
2005,Arizona,Santa Cruz,023,04,54,PM2.5,13.224166499999999
2005,Arizona,Yavapai,025,04,78,Ozone,0.065603
2005,Arizona,Yavapai,025,04,78,PM10,9.15
2005,Arizona,Yuma,027,04,74,NO2,25.098182
2005,Arizona,Yuma,027,04,74,Ozone,0.056159
2005,Arizona,Yuma,027,04,74,PM10,25.11776088
2006,Arizona,Apache,001,04,51,PM10,16.0098462
2006,Arizona,Cochise,003,04,72,Ozone,0.052794
2006,Arizona,Cochise,003,04,72,PM10,17.118107
2006,Arizona,Cochise,003,04,72,PM2.5,6.742373
2006,Arizona,Coconino,005,04,74,Ozone,0.055646
2006,Arizona,Coconino,005,04,74,PM10,9.034846299999998
2006,Arizona,Coconino,005,04,74,PM2.5,6.701345666666667
2006,Arizona,Gila,007,04,76,NO2,3.238164
2006,Arizona,Gila,007,04,76,Ozone,0.063266
2006,Arizona,Gila,007,04,76,PM10,14.949312771428572
2006,Arizona,Gila,007,04,76,PM2.5,9.105085
2006,Arizona,Gila,007,04,76,SO2,6.54518
2006,Arizona,Graham,009,04,51,PM10,13.4631576
2006,Arizona,La Paz,012,04,75,NO2,3.67757
2006,Arizona,La Paz,012,04,75,Ozone,0.058734
2006,Arizona,Maricopa,013,04,78,CO,0.5914927142857143
2006,Arizona,Maricopa,013,04,78,NO2,41.81834857142857
2006,Arizona,Maricopa,013,04,78,Ozone,0.05714266666666667
2006,Arizona,Maricopa,013,04,78,PM10,29.55277548
2006,Arizona,Maricopa,013,04,78,PM2.5,10.838742
2006,Arizona,Maricopa,013,04,78,SO2,1.9137443333333333
2006,Arizona,Mohave,015,04,51,PM10,11.9576853
2006,Arizona,Mohave,015,04,51,PM2.5,6.610526
2006,Arizona,Navajo,017,04,73,Ozone,0.053508
2006,Arizona,Navajo,017,04,73,PM10,9.058390999999999
2006,Arizona,Pima,019,04,73,CO,0.47507366666666667
2006,Arizona,Pima,019,04,73,NO2,31.1320305
2006,Arizona,Pima,019,04,73,Ozone,0.05142133333333333
2006,Arizona,Pima,019,04,73,PM10,17.34723342
2006,Arizona,Pima,019,04,73,PM2.5,5.802227
2006,Arizona,Pima,019,04,73,SO2,0.61978
2006,Arizona,Pinal,021,04,93,NO2,4.287736
2006,Arizona,Pinal,021,04,93,Ozone,0.05521542857142857
2006,Arizona,Pinal,021,04,93,PM10,50.83485862222222
2006,Arizona,Pinal,021,04,93,PM2.5,14.4158005
2006,Arizona,Pinal,021,04,93,SO2,1.977686
2006,Arizona,Santa Cruz,023,04,59,PM10,43.1664351
2006,Arizona,Santa Cruz,023,04,59,PM2.5,15.732403999999999
2006,Arizona,Yavapai,025,04,51,PM10,10.2266664
2006,Arizona,Yuma,027,04,73,CO,0.453354
2006,Arizona,Yuma,027,04,73,NO2,25.742938
2006,Arizona,Yuma,027,04,73,Ozone,0.053752
2006,Arizona,Yuma,027,04,73,PM10,25.09278336
2006,Arizona,Yuma,027,04,73,SO2,1.666667
2007,Arizona,Apache,001,04,51,PM10,17.7123288
2007,Arizona,Cochise,003,04,72,Ozone,0.051727
2007,Arizona,Cochise,003,04,72,PM10,16.6471186
2007,Arizona,Cochise,003,04,72,PM2.5,6.36
2007,Arizona,Coconino,005,04,73,Ozone,0.055146
2007,Arizona,Coconino,005,04,73,PM10,10.150261799999999
2007,Arizona,Coconino,005,04,73,PM2.5,7.737790333333334
2007,Arizona,Gila,007,04,77,Ozone,0.065148
2007,Arizona,Gila,007,04,77,PM10,17.48148258
2007,Arizona,Gila,007,04,77,PM2.5,9.339256
2007,Arizona,Gila,007,04,77,SO2,7.334571
2007,Arizona,Graham,009,04,51,PM10,13.139999999999999
2007,Arizona,La Paz,012,04,74,Ozone,0.057396
2007,Arizona,Maricopa,013,04,79,CO,0.5213033571428571
2007,Arizona,Maricopa,013,04,79,NO2,39.37081833333333
2007,Arizona,Maricopa,013,04,79,Ozone,0.05678216666666667
2007,Arizona,Maricopa,013,04,79,PM10,28.30695759574468
2007,Arizona,Maricopa,013,04,79,PM2.5,9.587279857142857
2007,Arizona,Maricopa,013,04,79,SO2,1.8087436666666667
2007,Arizona,Mohave,015,04,51,PM10,14.40149145
2007,Arizona,Mohave,015,04,51,PM2.5,5.986
2007,Arizona,Navajo,017,04,73,Ozone,0.053904
2007,Arizona,Navajo,017,04,73,PM10,9.355932
2007,Arizona,Pima,019,04,73,CO,0.4148191666666667
2007,Arizona,Pima,019,04,73,NO2,28.676797
2007,Arizona,Pima,019,04,73,Ozone,0.05073322222222222
2007,Arizona,Pima,019,04,73,PM10,17.223625114285714
2007,Arizona,Pima,019,04,73,PM2.5,5.6896065
2007,Arizona,Pima,019,04,73,SO2,0.931507
2007,Arizona,Pinal,021,04,78,Ozone,0.05389614285714286
2007,Arizona,Pinal,021,04,78,PM10,39.747567045
2007,Arizona,Pinal,021,04,78,PM2.5,15.55609475
2007,Arizona,Pinal,021,04,78,SO2,2.243505
2007,Arizona,Santa Cruz,023,04,52,PM10,34.3074295
2007,Arizona,Santa Cruz,023,04,52,PM2.5,12.2185875
2007,Arizona,Yavapai,025,04,51,PM10,12.5320752
2007,Arizona,Yuma,027,04,72,CO,0.5097
2007,Arizona,Yuma,027,04,72,NO2,32.546392
2007,Arizona,Yuma,027,04,72,Ozone,0.05342
2007,Arizona,Yuma,027,04,72,PM10,29.10688494
2007,Arizona,Yuma,027,04,72,SO2,1.706944
2008,Arizona,Apache,001,04,51,PM10,19.4561538
2008,Arizona,Apache,001,04,51,PM2.5,3.005909
2008,Arizona,Cochise,003,04,72,Ozone,0.052862
2008,Arizona,Cochise,003,04,72,PM10,21.305070685714288
2008,Arizona,Cochise,003,04,72,PM2.5,6.911111
2008,Arizona,Coconino,005,04,75,Ozone,0.0559845
2008,Arizona,Coconino,005,04,75,PM10,10.35
2008,Arizona,Coconino,005,04,75,PM2.5,5.928814
2008,Arizona,Gila,007,04,77,Ozone,0.064883
2008,Arizona,Gila,007,04,77,PM10,12.32572884
2008,Arizona,Gila,007,04,77,SO2,7.8084805
2008,Arizona,La Paz,012,04,74,Ozone,0.056792
2008,Arizona,Maricopa,013,04,78,CO,0.424219
2008,Arizona,Maricopa,013,04,78,NO2,38.035188166666664
2008,Arizona,Maricopa,013,04,78,Ozone,0.0578085
2008,Arizona,Maricopa,013,04,78,PM10,22.1421177
2008,Arizona,Maricopa,013,04,78,PM2.5,9.002788714285714
2008,Arizona,Maricopa,013,04,78,SO2,1.5637123333333334
2008,Arizona,Mohave,015,04,51,PM10,16.9691925
2008,Arizona,Mohave,015,04,51,PM2.5,5.528205
2008,Arizona,Navajo,017,04,73,Ozone,0.054644
2008,Arizona,Pima,019,04,73,CO,0.35499400000000003
2008,Arizona,Pima,019,04,73,NO2,27.794790499999998
2008,Arizona,Pima,019,04,73,Ozone,0.050811777777777775
2008,Arizona,Pima,019,04,73,PM10,15.999476271428572
2008,Arizona,Pima,019,04,73,PM2.5,5.5322105
2008,Arizona,Pima,019,04,73,SO2,0.871858
2008,Arizona,Pinal,021,04,77,Ozone,0.05754814285714286
2008,Arizona,Pinal,021,04,77,PM10,32.36462814857143
2008,Arizona,Pinal,021,04,77,PM2.5,14.238275
2008,Arizona,Santa Cruz,023,04,54,PM10,34.404301499999995
2008,Arizona,Santa Cruz,023,04,54,PM2.5,12.863528666666667
2008,Arizona,Yavapai,025,04,76,Ozone,0.062
2008,Arizona,Yavapai,025,04,76,PM10,10.4936172
2008,Arizona,Yavapai,025,04,76,PM2.5,5.827586
2008,Arizona,Yuma,027,04,74,Ozone,0.056128
2008,Arizona,Yuma,027,04,74,PM10,24.4398918
2008,Arizona,Yuma,027,04,74,PM2.5,9.928333
2009,Arizona,Apache,001,04,51,PM10,12.4530462
2009,Arizona,Apache,001,04,51,PM2.5,3.6241075
2009,Arizona,Cochise,003,04,72,Ozone,0.051577
2009,Arizona,Cochise,003,04,72,PM10,16.5569894
2009,Arizona,Cochise,003,04,72,PM2.5,7.594915
2009,Arizona,Coconino,005,04,74,Ozone,0.0536455
2009,Arizona,Coconino,005,04,74,PM10,13.0323585
2009,Arizona,Coconino,005,04,74,PM2.5,7.388333
2009,Arizona,Gila,007,04,76,Ozone,0.061094
2009,Arizona,Gila,007,04,76,PM10,16.375233266666665
2009,Arizona,Gila,007,04,76,SO2,6.4083775
2009,Arizona,La Paz,012,04,74,Ozone,0.055958
2009,Arizona,Maricopa,013,04,75,CO,0.4298917857142857
2009,Arizona,Maricopa,013,04,75,NO2,35.5659445
2009,Arizona,Maricopa,013,04,75,Ozone,0.055065583333333334
2009,Arizona,Maricopa,013,04,75,PM10,20.898411439285713
2009,Arizona,Maricopa,013,04,75,PM2.5,9.21336425
2009,Arizona,Maricopa,013,04,75,SO2,1.3593523333333333
2009,Arizona,Mohave,015,04,51,PM10,14.754156599999998
2009,Arizona,Mohave,015,04,51,PM2.5,5.4
2009,Arizona,Navajo,017,04,72,Ozone,0.050983
2009,Arizona,Navajo,017,04,72,PM10,9.7122906
2009,Arizona,Pima,019,04,72,CO,0.313292
2009,Arizona,Pima,019,04,72,NO2,25.723534
2009,Arizona,Pima,019,04,72,Ozone,0.04985111111111111
2009,Arizona,Pima,019,04,72,PM10,17.104520072727272
2009,Arizona,Pima,019,04,72,PM2.5,5.368065
2009,Arizona,Pima,019,04,72,SO2,0.521918
2009,Arizona,Pinal,021,04,75,Ozone,0.053300714285714285
2009,Arizona,Pinal,021,04,75,PM10,31.700121046153846
2009,Arizona,Pinal,021,04,75,PM2.5,10.8199246
2009,Arizona,Santa Cruz,023,04,55,PM10,32.969855249999995
2009,Arizona,Santa Cruz,023,04,55,PM2.5,12.798582
2009,Arizona,Yavapai,025,04,72,Ozone,0.052009
2009,Arizona,Yavapai,025,04,72,PM10,9.8785716
2009,Arizona,Yavapai,025,04,72,PM2.5,5.169811
2009,Arizona,Yuma,027,04,73,Ozone,0.054247
2009,Arizona,Yuma,027,04,73,PM10,22.41863028
2009,Arizona,Yuma,027,04,73,PM2.5,9.441667
2010,Arizona,Apache,001,04,51,PM10,9.361002599999999
2010,Arizona,Apache,001,04,51,PM2.5,2.913205
2010,Arizona,Cochise,003,04,72,Ozone,0.05187
2010,Arizona,Cochise,003,04,72,PM10,13.982084799999999
2010,Arizona,Cochise,003,04,72,PM2.5,6.776271
2010,Arizona,Coconino,005,04,73,Ozone,0.053543499999999994
2010,Arizona,Coconino,005,04,73,PM10,11.4963828
2010,Arizona,Coconino,005,04,73,PM2.5,5.075
2010,Arizona,Gila,007,04,75,Ozone,0.059649
2010,Arizona,Gila,007,04,75,PM10,11.0474454
2010,Arizona,Gila,007,04,75,SO2,6.6583515
2010,Arizona,La Paz,012,04,74,Ozone,0.056507
2010,Arizona,Maricopa,013,04,76,CO,0.42331814285714287
2010,Arizona,Maricopa,013,04,76,NO2,34.677646
2010,Arizona,Maricopa,013,04,76,Ozone,0.056067958333333334
2010,Arizona,Maricopa,013,04,76,PM10,15.799846486956522
2010,Arizona,Maricopa,013,04,76,PM2.5,7.6964109999999994
2010,Arizona,Maricopa,013,04,76,SO2,1.3344636666666667
2010,Arizona,Mohave,015,04,51,PM10,10.3180326
2010,Arizona,Navajo,017,04,72,Ozone,0.051294
2010,Arizona,Navajo,017,04,72,PM10,8.979069599999999
2010,Arizona,Pima,019,04,73,CO,0.3375952
2010,Arizona,Pima,019,04,73,NO2,24.758578999999997
2010,Arizona,Pima,019,04,73,Ozone,0.051026749999999996
2010,Arizona,Pima,019,04,73,PM10,15.294361585714285
2010,Arizona,Pima,019,04,73,PM2.5,5.0851495
2010,Arizona,Pima,019,04,73,SO2,0.37484449999999997
2010,Arizona,Pinal,021,04,75,Ozone,0.05389028571428572
2010,Arizona,Pinal,021,04,75,PM10,27.960204070588233
2010,Arizona,Pinal,021,04,75,PM2.5,9.3878828
2010,Arizona,Santa Cruz,023,04,51,PM10,30.750250799999996
2010,Arizona,Santa Cruz,023,04,51,PM2.5,10.286370999999999
2010,Arizona,Yavapai,025,04,72,Ozone,0.051952
2010,Arizona,Yavapai,025,04,72,PM10,6.6305081999999995
2010,Arizona,Yavapai,025,04,72,PM2.5,3.866667
2010,Arizona,Yuma,027,04,73,Ozone,0.055238
2010,Arizona,Yuma,027,04,73,PM10,20.1224136
2010,Arizona,Yuma,027,04,73,PM2.5,7.365
2011,Arizona,Apache,001,04,51,PM10,9.7714284
2011,Arizona,Apache,001,04,51,PM2.5,3.2868950000000003
2011,Arizona,Cochise,003,04,73,Ozone,0.055393
2011,Arizona,Cochise,003,04,73,PM10,16.208811
2011,Arizona,Cochise,003,04,73,PM2.5,6.478689
2011,Arizona,Coconino,005,04,74,Ozone,0.055638
2011,Arizona,Coconino,005,04,74,PM10,10.9602963
2011,Arizona,Coconino,005,04,74,PM2.5,5.167213
2011,Arizona,Gila,007,04,76,Ozone,0.062198
2011,Arizona,Gila,007,04,76,PM10,15.720090675
2011,Arizona,Gila,007,04,76,SO2,5.4666464999999995
2011,Arizona,La Paz,012,04,74,Ozone,0.056884
2011,Arizona,Maricopa,013,04,77,CO,0.42113553846153845
2011,Arizona,Maricopa,013,04,77,NO2,35.443316333333335
2011,Arizona,Maricopa,013,04,77,Ozone,0.05765829166666667
2011,Arizona,Maricopa,013,04,77,PM10,20.692762427586207
2011,Arizona,Maricopa,013,04,77,PM2.5,9.711482454545454
2011,Arizona,Maricopa,013,04,77,SO2,1.0738763333333334
2011,Arizona,Mohave,015,04,51,PM10,7.25147535
2011,Arizona,Mohave,015,04,51,PM2.5,2.94
2011,Arizona,Navajo,017,04,73,Ozone,0.053657
2011,Arizona,Navajo,017,04,73,PM10,9.857657399999999
2011,Arizona,Pima,019,04,73,CO,0.2932634
2011,Arizona,Pima,019,04,73,NO2,26.6762655
2011,Arizona,Pima,019,04,73,Ozone,0.051561375
2011,Arizona,Pima,019,04,73,PM10,17.262702342857143
2011,Arizona,Pima,019,04,73,PM2.5,5.622674666666667
2011,Arizona,Pima,019,04,73,SO2,0.284123
2011,Arizona,Pinal,021,04,76,Ozone,0.0555814
2011,Arizona,Pinal,021,04,76,PM10,33.942657628571425
2011,Arizona,Pinal,021,04,76,PM2.5,10.027550714285715
2011,Arizona,Santa Cruz,023,04,51,PM10,27.8904054
2011,Arizona,Santa Cruz,023,04,51,PM2.5,9.805344999999999
2011,Arizona,Yavapai,025,04,74,Ozone,0.055607
2011,Arizona,Yavapai,025,04,74,PM10,6.968420999999999
2011,Arizona,Yavapai,025,04,74,PM2.5,3.868421
2011,Arizona,Yuma,027,04,74,Ozone,0.056995
2011,Arizona,Yuma,027,04,74,PM10,17.616853799999998
2011,Arizona,Yuma,027,04,74,PM2.5,7.622034
2012,Arizona,Apache,001,04,51,PM10,10.8913794
2012,Arizona,Apache,001,04,51,PM2.5,2.821349
2012,Arizona,Cochise,003,04,73,Ozone,0.055338
2012,Arizona,Cochise,003,04,73,PM10,15.313476199999998
2012,Arizona,Cochise,003,04,73,PM2.5,6.719672
2012,Arizona,Coconino,005,04,74,Ozone,0.0551625
2012,Arizona,Coconino,005,04,74,PM10,12.2192796
2012,Arizona,Coconino,005,04,74,PM2.5,5.403333
2012,Arizona,Gila,007,04,76,Ozone,0.063414
2012,Arizona,Gila,007,04,76,PM10,13.7731668
2012,Arizona,Gila,007,04,76,SO2,7.3390815
2012,Arizona,La Paz,012,04,74,Ozone,0.057619
2012,Arizona,Maricopa,013,04,77,CO,0.4338335384615385
2012,Arizona,Maricopa,013,04,77,NO2,37.284956
2012,Arizona,Maricopa,013,04,77,Ozone,0.058167833333333335
2012,Arizona,Maricopa,013,04,77,PM10,22.51328636
2012,Arizona,Maricopa,013,04,77,PM2.5,9.019503
2012,Arizona,Maricopa,013,04,77,SO2,1.371524
2012,Arizona,Mohave,015,04,51,PM10,12.182346599999999
2012,Arizona,Mohave,015,04,51,PM2.5,3.738462
2012,Arizona,Navajo,017,04,73,Ozone,0.053758
2012,Arizona,Navajo,017,04,73,PM10,10.3504422
2012,Arizona,Pima,019,04,73,CO,0.2836236
2012,Arizona,Pima,019,04,73,NO2,27.623874999999998
2012,Arizona,Pima,019,04,73,Ozone,0.05047825
2012,Arizona,Pima,019,04,73,PM10,18.483550349999998
2012,Arizona,Pima,019,04,73,PM2.5,5.638439333333333
2012,Arizona,Pima,019,04,73,SO2,0.196978
2012,Arizona,Pinal,021,04,76,Ozone,0.0558412
2012,Arizona,Pinal,021,04,76,PM10,31.3272701
2012,Arizona,Pinal,021,04,76,PM2.5,12.152217857142858
2012,Arizona,Santa Cruz,023,04,51,PM10,25.3029111
2012,Arizona,Santa Cruz,023,04,51,PM2.5,9.343103500000002
2012,Arizona,Yavapai,025,04,73,Ozone,0.055343
2012,Arizona,Yavapai,025,04,73,PM10,7.5206897999999995
2012,Arizona,Yavapai,025,04,73,PM2.5,4.474576
2012,Arizona,Yuma,027,04,74,Ozone,0.057463
2012,Arizona,Yuma,027,04,74,PM10,25.140273999999998
2012,Arizona,Yuma,027,04,74,PM2.5,8.463158
2013,Arizona,Apache,001,04,51,PM10,8.7525426
2013,Arizona,Cochise,003,04,72,Ozone,0.05269
2013,Arizona,Cochise,003,04,72,PM10,17.27002
2013,Arizona,Cochise,003,04,72,PM2.5,6.964258
2013,Arizona,Coconino,005,04,74,Ozone,0.053662
2013,Arizona,Coconino,005,04,74,PM10,9.5599998
2013,Arizona,Coconino,005,04,74,PM2.5,5.426667
2013,Arizona,Gila,007,04,76,Ozone,0.060555
2013,Arizona,Gila,007,04,76,PM10,15.548418199999999
2013,Arizona,Gila,007,04,76,SO2,4.3655902499999995
2013,Arizona,La Paz,012,04,74,Ozone,0.057066
2013,Arizona,Maricopa,013,04,77,CO,0.39057846153846154
2013,Arizona,Maricopa,013,04,77,NO2,34.8980312
2013,Arizona,Maricopa,013,04,77,Ozone,0.05729304
2013,Arizona,Maricopa,013,04,77,PM10,19.105702013114755
2013,Arizona,Maricopa,013,04,77,PM2.5,8.138891769230769
2013,Arizona,Maricopa,013,04,77,SO2,1.060552
2013,Arizona,Mohave,015,04,51,PM10,9.854762399999998
2013,Arizona,Mohave,015,04,51,PM2.5,3.665789
2013,Arizona,Navajo,017,04,72,Ozone,0.053418
2013,Arizona,Navajo,017,04,72,PM10,8.8886424
2013,Arizona,Pima,019,04,72,CO,0.27183999999999997
2013,Arizona,Pima,019,04,72,NO2,23.378219
2013,Arizona,Pima,019,04,72,Ozone,0.049890875
2013,Arizona,Pima,019,04,72,PM10,16.45955235
2013,Arizona,Pima,019,04,72,PM2.5,5.6899750000000004
2013,Arizona,Pima,019,04,72,SO2,0.239452
2013,Arizona,Pinal,021,04,76,Ozone,0.053607
2013,Arizona,Pinal,021,04,76,PM10,26.60467599
2013,Arizona,Pinal,021,04,76,PM2.5,11.551353142857142
2013,Arizona,Santa Cruz,023,04,51,PM10,25.7745531
2013,Arizona,Santa Cruz,023,04,51,PM2.5,9.129483800000001
2013,Arizona,Yavapai,025,04,72,Ozone,0.053249
2013,Arizona,Yavapai,025,04,72,PM10,7.156363799999999
2013,Arizona,Yavapai,025,04,72,PM2.5,4.144828
2013,Arizona,Yuma,027,04,74,Ozone,0.056113
2013,Arizona,Yuma,027,04,74,PM10,23.981817999999997
2013,Arizona,Yuma,027,04,74,PM2.5,6.721362
2014,Arizona,Apache,001,04,51,PM10,9.5556162
2014,Arizona,Apache,001,04,51,PM2.5,3.0221565000000004
2014,Arizona,Cochise,003,04,72,Ozone,0.051065
2014,Arizona,Cochise,003,04,72,PM10,17.7970302
2014,Arizona,Cochise,003,04,72,PM2.5,7.221488
2014,Arizona,Coconino,005,04,73,Ozone,0.052428
2014,Arizona,Gila,007,04,74,Ozone,0.056008
2014,Arizona,Gila,007,04,74,PM10,13.348431999999999
2014,Arizona,Gila,007,04,74,SO2,4.8998625
2014,Arizona,La Paz,012,04,73,NO2,1.587356
2014,Arizona,La Paz,012,04,73,Ozone,0.054704
2014,Arizona,La Paz,012,04,73,PM10,7.0129410000000005
2014,Arizona,La Paz,012,04,73,PM2.5,2.008092
2014,Arizona,La Paz,012,04,73,SO2,0.694758
2014,Arizona,Maricopa,013,04,76,CO,0.433241
2014,Arizona,Maricopa,013,04,76,NO2,35.56517933333333
2014,Arizona,Maricopa,013,04,76,Ozone,0.05641992
2014,Arizona,Maricopa,013,04,76,PM10,20.22696373548387
2014,Arizona,Maricopa,013,04,76,PM2.5,8.551791642857143
2014,Arizona,Maricopa,013,04,76,SO2,1.1016793333333332
2014,Arizona,Mohave,015,04,51,PM10,10.808068500000001
2014,Arizona,Mohave,015,04,51,PM2.5,3.173469
2014,Arizona,Navajo,017,04,72,Ozone,0.051066
2014,Arizona,Navajo,017,04,72,PM10,9.647592
2014,Arizona,Pima,019,04,72,CO,0.2790614
2014,Arizona,Pima,019,04,72,NO2,23.4284505
2014,Arizona,Pima,019,04,72,Ozone,0.04806925
2014,Arizona,Pima,019,04,72,PM10,15.055999612499999
2014,Arizona,Pima,019,04,72,PM2.5,5.97275725
2014,Arizona,Pima,019,04,72,SO2,0.202053
2014,Arizona,Pinal,021,04,74,Ozone,0.051751000000000005
2014,Arizona,Pinal,021,04,74,PM10,28.891739846153847
2014,Arizona,Pinal,021,04,74,PM2.5,10.779093428571429
2014,Arizona,Santa Cruz,023,04,51,PM10,21.7839042
2014,Arizona,Santa Cruz,023,04,51,PM2.5,8.762104333333333
2014,Arizona,Yavapai,025,04,73,Ozone,0.054188
2014,Arizona,Yuma,027,04,74,Ozone,0.056729
2014,Arizona,Yuma,027,04,74,PM10,26.807671199999998
2014,Arizona,Yuma,027,04,74,PM2.5,6.239335
2015,Arizona,Apache,001,04,51,PM10,7.262011199999999
2015,Arizona,Apache,001,04,51,PM2.5,2.7395835
2015,Arizona,Cochise,003,04,71,Ozone,0.050105
2015,Arizona,Cochise,003,04,71,PM10,12.4807227
2015,Arizona,Cochise,003,04,71,PM2.5,5.231169
2015,Arizona,Coconino,005,04,72,Ozone,0.050445000000000004
2015,Arizona,Gila,007,04,73,Ozone,0.05348233333333333
2015,Arizona,Gila,007,04,73,PM10,10.69643805
2015,Arizona,Gila,007,04,73,SO2,5.03284325
2015,Arizona,La Paz,012,04,72,NO2,2.004046
2015,Arizona,La Paz,012,04,72,Ozone,0.051661
2015,Arizona,La Paz,012,04,72,PM10,7.1982197999999995
2015,Arizona,La Paz,012,04,72,PM2.5,1.036688
2015,Arizona,La Paz,012,04,72,SO2,1.047278
2015,Arizona,Maricopa,013,04,76,CO,0.4490611333333333
2015,Arizona,Maricopa,013,04,76,NO2,34.52067757142857
2015,Arizona,Maricopa,013,04,76,Ozone,0.055023333333333334
2015,Arizona,Maricopa,013,04,76,PM10,15.054731075
2015,Arizona,Maricopa,013,04,76,PM2.5,7.829762428571429
2015,Arizona,Maricopa,013,04,76,SO2,0.9130753333333333
2015,Arizona,Mohave,015,04,51,PM10,9.2381338
2015,Arizona,Mohave,015,04,51,PM2.5,4.625581
2015,Arizona,Navajo,017,04,70,Ozone,0.048172
2015,Arizona,Navajo,017,04,70,PM10,8.456249999999999
2015,Arizona,Pima,019,04,71,CO,0.2651374
2015,Arizona,Pima,019,04,71,NO2,20.390703000000002
2015,Arizona,Pima,019,04,71,Ozone,0.047377625
2015,Arizona,Pima,019,04,71,PM10,12.171085145454546
2015,Arizona,Pima,019,04,71,PM2.5,5.16062
2015,Arizona,Pima,019,04,71,SO2,0.161111
2015,Arizona,Pinal,021,04,74,Ozone,0.051973571428571425
2015,Arizona,Pinal,021,04,74,PM10,23.2100655
2015,Arizona,Pinal,021,04,74,PM2.5,8.463209714285714
2015,Arizona,Santa Cruz,023,04,51,PM10,16.0883928
2015,Arizona,Santa Cruz,023,04,51,PM2.5,8.044551666666667
2015,Arizona,Yavapai,025,04,71,Ozone,0.050278
2015,Arizona,Yuma,027,04,72,Ozone,0.050719
2015,Arizona,Yuma,027,04,72,PM10,23.0761644
2015,Arizona,Yuma,027,04,72,PM2.5,5.553595
2016,Arizona,Apache,001,04,51,PM10,9.0721314
2016,Arizona,Apache,001,04,51,PM2.5,2.3833330000000004
2016,Arizona,Cochise,003,04,71,Ozone,0.050141
2016,Arizona,Cochise,003,04,71,PM10,12.9784182
2016,Arizona,Cochise,003,04,71,PM2.5,3.851057
2016,Arizona,Coconino,005,04,71,Ozone,0.0493915
2016,Arizona,Gila,007,04,72,Ozone,0.050759
2016,Arizona,Gila,007,04,72,PM10,16.466730719999997
2016,Arizona,Gila,007,04,72,SO2,4.970001
2016,Arizona,La Paz,012,04,71,CO,0.140116
2016,Arizona,La Paz,012,04,71,NO2,1.749444
2016,Arizona,La Paz,012,04,71,Ozone,0.050105
2016,Arizona,La Paz,012,04,71,PM10,8.0153424
2016,Arizona,La Paz,012,04,71,PM2.5,2.383565
2016,Arizona,La Paz,012,04,71,SO2,1.35122
2016,Arizona,Maricopa,013,04,76,CO,0.43412833333333334
2016,Arizona,Maricopa,013,04,76,NO2,34.49571457142857
2016,Arizona,Maricopa,013,04,76,Ozone,0.05429132
2016,Arizona,Maricopa,013,04,76,PM10,18.279515933333332
2016,Arizona,Maricopa,013,04,76,PM2.5,8.57409242857143
2016,Arizona,Maricopa,013,04,76,SO2,0.47451533333333334
2016,Arizona,Mohave,015,04,51,PM10,9.2157686
2016,Arizona,Mohave,015,04,51,PM2.5,4.56129
2016,Arizona,Navajo,017,04,71,Ozone,0.049163
2016,Arizona,Navajo,017,04,71,PM10,10.5938082
2016,Arizona,Pima,019,04,72,CO,0.2409208
2016,Arizona,Pima,019,04,72,NO2,18.056606000000002
2016,Arizona,Pima,019,04,72,Ozone,0.048623375
2016,Arizona,Pima,019,04,72,PM10,14.04023735
2016,Arizona,Pima,019,04,72,PM2.5,5.7208235
2016,Arizona,Pima,019,04,72,SO2,0.079235
2016,Arizona,Pinal,021,04,72,Ozone,0.0517378
2016,Arizona,Pinal,021,04,72,PM10,27.914919783333332
2016,Arizona,Pinal,021,04,72,PM2.5,10.5376355
2016,Arizona,Santa Cruz,023,04,51,PM10,22.813259399999996
2016,Arizona,Santa Cruz,023,04,51,PM2.5,9.945449
2016,Arizona,Yavapai,025,04,70,Ozone,0.048462
2016,Arizona,Yuma,027,04,70,Ozone,0.048418
2016,Arizona,Yuma,027,04,70,PM10,28.142273999999997
2016,Arizona,Yuma,027,04,70,PM2.5,8.271714
2017,Arizona,Apache,001,04,51,PM10,9.7380822
2017,Arizona,Apache,001,04,51,PM2.5,2.6699425
2017,Arizona,Cochise,003,04,72,Ozone,0.050969
2017,Arizona,Cochise,003,04,72,PM10,13.935537
2017,Arizona,Cochise,003,04,72,PM2.5,5.701832
2017,Arizona,Coconino,005,04,72,Ozone,0.051519499999999996
2017,Arizona,Gila,007,04,72,Ozone,0.05240966666666667
2017,Arizona,Gila,007,04,72,PM10,14.6291352
2017,Arizona,Gila,007,04,72,SO2,4.0460375
2017,Arizona,La Paz,012,04,71,CO,0.148385
2017,Arizona,La Paz,012,04,71,Ozone,0.050169
2017,Arizona,La Paz,012,04,71,PM10,8.2380684
2017,Arizona,La Paz,012,04,71,PM2.5,5.579023
2017,Arizona,Maricopa,013,04,75,CO,0.380903375
2017,Arizona,Maricopa,013,04,75,NO2,35.0392515
2017,Arizona,Maricopa,013,04,75,Ozone,0.054852859375
2017,Arizona,Maricopa,013,04,75,PM10,21.190906668292683
2017,Arizona,Maricopa,013,04,75,PM2.5,8.136020461538461
2017,Arizona,Maricopa,013,04,75,SO2,1.034719
2017,Arizona,Mohave,015,04,51,PM10,11.531999999999998
2017,Arizona,Navajo,017,04,72,Ozone,0.050751
2017,Arizona,Navajo,017,04,72,PM10,11.1236154
2017,Arizona,Pima,019,04,72,CO,0.2173886
2017,Arizona,Pima,019,04,72,NO2,19.6247945
2017,Arizona,Pima,019,04,72,Ozone,0.050754375
2017,Arizona,Pima,019,04,72,PM10,15.974761585714285
2017,Arizona,Pima,019,04,72,PM2.5,6.8229308
2017,Arizona,Pima,019,04,72,SO2,0.093425
2017,Arizona,Pinal,021,04,73,Ozone,0.05325922222222222
2017,Arizona,Pinal,021,04,73,PM10,30.17897405625
2017,Arizona,Pinal,021,04,73,PM2.5,12.205895375
2017,Arizona,Santa Cruz,023,04,51,PM10,21.843287399999998
2017,Arizona,Santa Cruz,023,04,51,PM2.5,8.8117905
2017,Arizona,Yavapai,025,04,73,Ozone,0.054402
2017,Arizona,Yuma,027,04,71,Ozone,0.050236
2017,Arizona,Yuma,027,04,71,PM10,25.103013599999997
2017,Arizona,Yuma,027,04,71,PM2.5,8.54137
2018,Arizona,Apache,001,04,51,PM10,9.0403362
2018,Arizona,Apache,001,04,51,PM2.5,2.1814074999999997
2018,Arizona,Cochise,003,04,72,Ozone,0.050509
2018,Arizona,Cochise,003,04,72,PM10,11.8977615
2018,Arizona,Cochise,003,04,72,PM2.5,5.54029
2018,Arizona,Coconino,005,04,72,Ozone,0.0514635
2018,Arizona,Gila,007,04,73,Ozone,0.055153
2018,Arizona,Gila,007,04,73,PM10,14.6769826
2018,Arizona,Gila,007,04,73,SO2,3.7170246666666666
2018,Arizona,La Paz,012,04,72,CO,0.140681
2018,Arizona,La Paz,012,04,72,Ozone,0.051803
2018,Arizona,La Paz,012,04,72,PM10,8.6416902
2018,Arizona,La Paz,012,04,72,PM2.5,5.077208
2018,Arizona,Maricopa,013,04,74,CO,0.35800975
2018,Arizona,Maricopa,013,04,74,NO2,33.38000666666667
2018,Arizona,Maricopa,013,04,74,Ozone,0.0539769393939394
2018,Arizona,Maricopa,013,04,74,PM10,20.246626160655737
2018,Arizona,Maricopa,013,04,74,PM2.5,8.295724310344827
2018,Arizona,Maricopa,013,04,74,SO2,0.809325
2018,Arizona,Mohave,015,04,51,PM10,11.9585634
2018,Arizona,Navajo,017,04,72,Ozone,0.051275
2018,Arizona,Navajo,017,04,72,PM10,9.0854598
2018,Arizona,Pima,019,04,72,CO,0.22733799999999998
2018,Arizona,Pima,019,04,72,NO2,19.464475
2018,Arizona,Pima,019,04,72,Ozone,0.05093364285714286
2018,Arizona,Pima,019,04,72,PM10,13.40568126
2018,Arizona,Pima,019,04,72,PM2.5,5.297333
2018,Arizona,Pima,019,04,72,SO2,0.129888
2018,Arizona,Pinal,021,04,74,Ozone,0.052290222222222224
2018,Arizona,Pinal,021,04,74,PM10,28.19512128
2018,Arizona,Pinal,021,04,74,PM2.5,9.923219666666666
2018,Arizona,Santa Cruz,023,04,51,PM10,20.418132
2018,Arizona,Santa Cruz,023,04,51,PM2.5,8.699938
2018,Arizona,Yavapai,025,04,71,Ozone,0.050181
2018,Arizona,Yuma,027,04,72,Ozone,0.051126
2018,Arizona,Yuma,027,04,72,PM10,25.4346154
2018,Arizona,Yuma,027,04,72,PM2.5,8.656546
2019,Arizona,Apache,001,04,51,PM10,7.313649
2019,Arizona,Apache,001,04,51,PM2.5,2.1705699999999997
2019,Arizona,Cochise,003,04,72,Ozone,0.050867
2019,Arizona,Cochise,003,04,72,PM10,11.3243487
2019,Arizona,Cochise,003,04,72,PM2.5,5.072269
2019,Arizona,Coconino,005,04,72,Ozone,0.050311999999999996
2019,Arizona,Gila,007,04,74,Ozone,0.055873
2019,Arizona,Gila,007,04,74,PM10,11.7344844
2019,Arizona,Gila,007,04,74,SO2,2.930059
2019,Arizona,La Paz,012,04,71,Ozone,0.050097
2019,Arizona,La Paz,012,04,71,PM10,6.8713482
2019,Arizona,La Paz,012,04,71,PM2.5,3.259429
2019,Arizona,Maricopa,013,04,74,CO,0.331588125
2019,Arizona,Maricopa,013,04,74,NO2,30.698980166666665
2019,Arizona,Maricopa,013,04,74,Ozone,0.05372255813953489
2019,Arizona,Maricopa,013,04,74,PM10,17.08391305
2019,Arizona,Maricopa,013,04,74,PM2.5,6.758241076923077
2019,Arizona,Maricopa,013,04,74,SO2,0.713078
2019,Arizona,Mohave,015,04,51,PM10,9.6263736
2019,Arizona,Navajo,017,04,71,Ozone,0.050101
2019,Arizona,Navajo,017,04,71,PM10,7.877364
2019,Arizona,Pima,019,04,72,CO,0.1983705
2019,Arizona,Pima,019,04,72,NO2,17.402354000000003
2019,Arizona,Pima,019,04,72,Ozone,0.049288625
2019,Arizona,Pima,019,04,72,PM10,11.4186369
2019,Arizona,Pima,019,04,72,PM2.5,3.934556
2019,Arizona,Pima,019,04,72,SO2,0.107263
2019,Arizona,Pinal,021,04,73,Ozone,0.0522178
2019,Arizona,Pinal,021,04,73,PM10,21.826278199999997
2019,Arizona,Pinal,021,04,73,PM2.5,8.378261
2019,Arizona,Santa Cruz,023,04,51,PM10,19.0895184
2019,Arizona,Santa Cruz,023,04,51,PM2.5,8.5909255
2019,Arizona,Yavapai,025,04,71,Ozone,0.050112
2019,Arizona,Yuma,027,04,71,Ozone,0.050301
2019,Arizona,Yuma,027,04,71,PM10,21.0098628
2019,Arizona,Yuma,027,04,71,PM2.5,7.930685
2020,Arizona,Apache,001,04,51,PM10,9.8585634
2020,Arizona,Apache,001,04,51,PM2.5,2.9742015
2020,Arizona,Cochise,003,04,71,Ozone,0.050337
2020,Arizona,Cochise,003,04,71,PM10,15.3132597
2020,Arizona,Coconino,005,04,71,Ozone,0.049306
2020,Arizona,Gila,007,04,73,Ozone,0.053523
2020,Arizona,Gila,007,04,73,PM10,11.9422492
2020,Arizona,Gila,007,04,73,SO2,1.5452916666666667
2020,Arizona,La Paz,012,04,72,Ozone,0.050781
2020,Arizona,La Paz,012,04,72,PM10,9.8460672
2020,Arizona,La Paz,012,04,72,PM2.5,4.239888
2020,Arizona,Maricopa,013,04,97,CO,0.392423125
2020,Arizona,Maricopa,013,04,97,NO2,29.7946272
2020,Arizona,Maricopa,013,04,97,Ozone,0.05470239705882353
2020,Arizona,Maricopa,013,04,97,PM10,20.30028815121951
2020,Arizona,Maricopa,013,04,97,PM2.5,8.925004
2020,Arizona,Maricopa,013,04,97,SO2,0.6080573333333333
2020,Arizona,Mohave,015,04,51,PM10,12.790986
2020,Arizona,Navajo,017,04,71,Ozone,0.04924
2020,Arizona,Navajo,017,04,71,PM10,8.4249306
2020,Arizona,Pima,019,04,72,CO,0.188048
2020,Arizona,Pima,019,04,72,NO2,17.004499
2020,Arizona,Pima,019,04,72,Ozone,0.0505825
2020,Arizona,Pima,019,04,72,PM10,14.56478112
2020,Arizona,Pima,019,04,72,PM2.5,5.367332666666667
2020,Arizona,Pima,019,04,72,SO2,0.086066
2020,Arizona,Pinal,021,04,74,Ozone,0.05392314285714286
2020,Arizona,Pinal,021,04,74,PM10,27.041240978571427
2020,Arizona,Pinal,021,04,74,PM2.5,12.6673345
2020,Arizona,Santa Cruz,023,04,51,PM10,24.8566572
2020,Arizona,Santa Cruz,023,04,51,PM2.5,9.892210500000001
2020,Arizona,Yavapai,025,04,72,Ozone,0.052033
2020,Arizona,Yuma,027,04,71,Ozone,0.049211
2020,Arizona,Yuma,027,04,71,PM10,24.894886200000002
2020,Arizona,Yuma,027,04,71,PM2.5,9.091761
2021,Arizona,Apache,001,04,51,PM10,9.664225199999999
2021,Arizona,Apache,001,04,51,PM2.5,3.0631515
2021,Arizona,Cochise,003,04,72,Ozone,0.050676
2021,Arizona,Cochise,003,04,72,PM10,15.9680094
2021,Arizona,Coconino,005,04,72,Ozone,0.050936999999999996
2021,Arizona,Gila,007,04,73,Ozone,0.054613
2021,Arizona,Gila,007,04,73,PM10,12.928676999999999
2021,Arizona,Gila,007,04,73,SO2,0.9053006666666666
2021,Arizona,La Paz,012,04,72,Ozone,0.052642
2021,Arizona,La Paz,012,04,72,PM10,8.913183
2021,Arizona,La Paz,012,04,72,PM2.5,3.923362
2021,Arizona,Maricopa,013,04,95,CO,0.36970655555555554
2021,Arizona,Maricopa,013,04,95,NO2,31.090217833333334
2021,Arizona,Maricopa,013,04,95,Ozone,0.05627818181818182
2021,Arizona,Maricopa,013,04,95,PM10,19.547565113207547
2021,Arizona,Maricopa,013,04,95,PM2.5,8.962893571428571
2021,Arizona,Maricopa,013,04,95,SO2,0.38863533333333333
2021,Arizona,Mohave,015,04,51,PM10,13.178512199999998
2021,Arizona,Navajo,017,04,71,Ozone,0.050382
2021,Arizona,Navajo,017,04,71,PM10,9.725217599999999
2021,Arizona,Pima,019,04,72,CO,0.2061865
2021,Arizona,Pima,019,04,72,NO2,18.0606875
2021,Arizona,Pima,019,04,72,Ozone,0.051300625
2021,Arizona,Pima,019,04,72,PM10,14.598139139999999
2021,Arizona,Pima,019,04,72,PM2.5,6.227389666666666
2021,Arizona,Pima,019,04,72,SO2,0.075275
2021,Arizona,Pinal,021,04,76,Ozone,0.05658016666666667
2021,Arizona,Pinal,021,04,76,PM10,23.23385398235294
2021,Arizona,Pinal,021,04,76,PM2.5,9.891046666666666
2021,Arizona,Santa Cruz,023,04,51,PM10,26.848739399999996
2021,Arizona,Santa Cruz,023,04,51,PM2.5,9.8182785
2021,Arizona,Yavapai,025,04,71,Ozone,0.049341
2021,Arizona,Yuma,027,04,72,Ozone,0.050566
2021,Arizona,Yuma,027,04,72,PM10,24.049014
2021,Arizona,Yuma,027,04,72,PM2.5,9.233898
